Locality,Muniplicity,Region
S Gravenwezel,Antwerpen,Falnders
S Herenelderen,Limburg,Falnders
Aaigem,Oost-Vlaanderen,Falnders
Aalbeke,West-Vlaanderen,Falnders
Aalst,Limburg,Falnders
Aalst,Oost-Vlaanderen,Falnders
Aalter,Oost-Vlaanderen,Falnders
Aarschot,Vlaams-Brabant,Falnders
Aarsele,West-Vlaanderen,Falnders
Aartrijke,West-Vlaanderen,Falnders
Aartselaar,Antwerpen,Falnders
Abolens,Luik,Wallonia
Abée,Luik,Wallonia
Achel,Limburg,Falnders
Achet,Namen,Wallonia
Achêne,Namen,Wallonia
Acosse,Luik,Wallonia
Acoz,Henegouwen,Wallonia
Adegem,Oost-Vlaanderen,Falnders
Adinkerke,West-Vlaanderen,Falnders
Affligem,Vlaams-Brabant,Falnders
Afsnee,Oost-Vlaanderen,Falnders
Agimont,Namen,Wallonia
Aineffe,Luik,Wallonia
Aische-En-Refail,Namen,Wallonia
Aiseau,Henegouwen,Wallonia
Aisemont,Namen,Wallonia
Alken,Limburg,Falnders
Alle,Namen,Wallonia
Alleur,Luik,Wallonia
Alsemberg,Vlaams-Brabant,Falnders
Alveringem,West-Vlaanderen,Falnders
Amay,Luik,Wallonia
Amberloup,Luxemburg,Wallonia
Ambly,Luxemburg,Wallonia
Amblève,Luik,Wallonia
Ambresin,Luik,Wallonia
Amonines,Luxemburg,Wallonia
Amougies,Henegouwen,Wallonia
Ampsin,Luik,Wallonia
Andenne,Namen,Wallonia
Anderlecht,Brussel,Brussel
Anderlues,Henegouwen,Wallonia
Andrimont,Luik,Wallonia
Angleur,Luik,Wallonia
Angre,Henegouwen,Wallonia
Angreau,Henegouwen,Wallonia
Anhée,Namen,Wallonia
Anlier,Luxemburg,Wallonia
Anloy,Luxemburg,Wallonia
Annevoie-Rouillon,Namen,Wallonia
Ans,Luik,Wallonia
Anseremme,Namen,Wallonia
Anseroeul,Henegouwen,Wallonia
Antheit,Luik,Wallonia
Anthisnes,Luik,Wallonia
Anthée,Namen,Wallonia
Antoing,Henegouwen,Wallonia
Antwerpen,Antwerpen,Falnders
Antwerpen,Antwerpen,Falnders
Antwerpen,Antwerpen,Falnders
Antwerpen,Antwerpen,Falnders
Antwerpen,Antwerpen,Falnders
Antwerpen,Antwerpen,Falnders
Antwerpen,Antwerpen,Falnders
Anvaing,Henegouwen,Wallonia
Anzegem,West-Vlaanderen,Falnders
Appels,Oost-Vlaanderen,Falnders
Appelterre-Eichem,Oost-Vlaanderen,Falnders
Arbre,Namen,Wallonia
Arbre,Henegouwen,Wallonia
Arbrefontaine,Luik,Wallonia
Arc-Ainières,Henegouwen,Wallonia
Arc-Wattripont,Henegouwen,Wallonia
Archennes,Waals-Brabant,Wallonia
Ardooie,West-Vlaanderen,Falnders
Arendonk,Antwerpen,Falnders
Argenteau,Luik,Wallonia
Arlon,Luxemburg,Wallonia
Arquennes,Henegouwen,Wallonia
Arsimont,Namen,Wallonia
Arville,Luxemburg,Wallonia
As,Limburg,Falnders
Aspelare,Oost-Vlaanderen,Falnders
Asper,Oost-Vlaanderen,Falnders
Asquillies,Henegouwen,Wallonia
Asse,Vlaams-Brabant,Falnders
Assebroek,West-Vlaanderen,Falnders
Assenede,Oost-Vlaanderen,Falnders
Assenois,Luxemburg,Wallonia
Assent,Vlaams-Brabant,Falnders
Assesse,Namen,Wallonia
Astene,Oost-Vlaanderen,Falnders
Ath,Henegouwen,Wallonia
Athis,Henegouwen,Wallonia
Athus,Luxemburg,Wallonia
Attenhoven,Vlaams-Brabant,Falnders
Attenrode,Vlaams-Brabant,Falnders
Attert,Luxemburg,Wallonia
Attre,Henegouwen,Wallonia
Aubange,Luxemburg,Wallonia
Aubechies,Henegouwen,Wallonia
Aubel,Luik,Wallonia
Aublain,Namen,Wallonia
Auby-Sur-Semois,Luxemburg,Wallonia
Audregnies,Henegouwen,Wallonia
Aulnois,Henegouwen,Wallonia
Autelbas,Luxemburg,Wallonia
Autre-Eglise,Waals-Brabant,Wallonia
Autreppe,Henegouwen,Wallonia
Auvelais,Namen,Wallonia
Ave-Et-Auffe,Namen,Wallonia
Avekapelle,West-Vlaanderen,Falnders
Avelgem,West-Vlaanderen,Falnders
Avennes,Luik,Wallonia
Averbode,Vlaams-Brabant,Falnders
Avernas-Le-Bauduin,Luik,Wallonia
Avin,Luik,Wallonia
Awans,Luik,Wallonia
Awenne,Luxemburg,Wallonia
Awirs,Luik,Wallonia
Aye,Luxemburg,Wallonia
Ayeneux,Luik,Wallonia
Aywaille,Luik,Wallonia
Baaigem,Oost-Vlaanderen,Falnders
Baal,Vlaams-Brabant,Falnders
Baardegem,Oost-Vlaanderen,Falnders
Baarle-hertog,Antwerpen,Falnders
Baasrode,Oost-Vlaanderen,Falnders
Bachte-Maria-Leerne,Oost-Vlaanderen,Falnders
Baelen,Luik,Wallonia
Bagimont,Namen,Wallonia
Baileux,Henegouwen,Wallonia
Bailièvre,Henegouwen,Wallonia
Baillamont,Namen,Wallonia
Bailleul,Henegouwen,Wallonia
Baillonville,Namen,Wallonia
Baisieux,Henegouwen,Wallonia
Baisy-Thy,Waals-Brabant,Wallonia
Balegem,Oost-Vlaanderen,Falnders
Balen,Antwerpen,Falnders
Balâtre,Namen,Wallonia
Bambrugge,Oost-Vlaanderen,Falnders
Bande,Luxemburg,Wallonia
Barbençon,Henegouwen,Wallonia
Barchon,Luik,Wallonia
Baronville,Namen,Wallonia
Barry,Henegouwen,Wallonia
Barvaux-Condroz,Namen,Wallonia
Barvaux-Sur-Ourthe,Luxemburg,Wallonia
Bas-Oha,Luik,Wallonia
Basse-Bodeux,Luik,Wallonia
Bassenge,Luik,Wallonia
Bassevelde,Oost-Vlaanderen,Falnders
Bassilly,Henegouwen,Wallonia
Bastogne,Luxemburg,Wallonia
Basècles,Henegouwen,Wallonia
Batsheers,Limburg,Falnders
Battice,Luik,Wallonia
Battignies,Henegouwen,Wallonia
Baudour,Henegouwen,Wallonia
Bauffe,Henegouwen,Wallonia
Baugnies,Henegouwen,Wallonia
Baulers,Waals-Brabant,Wallonia
Bavegem,Oost-Vlaanderen,Falnders
Bavikhove,West-Vlaanderen,Falnders
Bazel,Oost-Vlaanderen,Falnders
Beaufays,Luik,Wallonia
Beaumont,Henegouwen,Wallonia
Beauraing,Namen,Wallonia
Beausaint,Luxemburg,Wallonia
Beauvechain,Waals-Brabant,Wallonia
Beauwelz,Henegouwen,Wallonia
Beclers,Henegouwen,Wallonia
Beek,Limburg,Falnders
Beerlegem,Oost-Vlaanderen,Falnders
Beernem,West-Vlaanderen,Falnders
Beerse,Antwerpen,Falnders
Beersel,Vlaams-Brabant,Falnders
Beerst,West-Vlaanderen,Falnders
Beert,Vlaams-Brabant,Falnders
Beervelde,Oost-Vlaanderen,Falnders
Beerzel,Antwerpen,Falnders
Beez,Namen,Wallonia
Beffe,Luxemburg,Wallonia
Begijnendijk,Vlaams-Brabant,Falnders
Beho,Luxemburg,Wallonia
Beigem,Vlaams-Brabant,Falnders
Bekegem,West-Vlaanderen,Falnders
Bekkerzeel,Vlaams-Brabant,Falnders
Bekkevoort,Vlaams-Brabant,Falnders
Belgrade,Namen,Wallonia
Bellaire,Luik,Wallonia
Bellecourt,Henegouwen,Wallonia
Bellefontaine,Namen,Wallonia
Bellefontaine,Luxemburg,Wallonia
Bellegem,West-Vlaanderen,Falnders
Bellem,Oost-Vlaanderen,Falnders
Bellevaux,Luxemburg,Wallonia
Bellevaux-Ligneuville,Luik,Wallonia
Bellingen,Vlaams-Brabant,Falnders
Beloeil,Henegouwen,Wallonia
Belsele,Oost-Vlaanderen,Falnders
Ben-Ahin,Luik,Wallonia
Bende,Luxemburg,Wallonia
Berbroek,Limburg,Falnders
Berchem,Antwerpen,Falnders
Berchem,Oost-Vlaanderen,Falnders
Berendrecht,Antwerpen,Falnders
Berg,Vlaams-Brabant,Falnders
Berg,Limburg,Falnders
Bergilers,Luik,Wallonia
Beringen,Limburg,Falnders
Berlaar,Antwerpen,Falnders
Berlare,Oost-Vlaanderen,Falnders
Berlingen,Limburg,Falnders
Berloz,Luik,Wallonia
Berneau,Luik,Wallonia
Bernissart,Henegouwen,Wallonia
Bersillies-L'Abbaye,Henegouwen,Wallonia
Bertem,Vlaams-Brabant,Falnders
Bertogne,Luxemburg,Wallonia
Bertrix,Luxemburg,Wallonia
Bertrée,Luik,Wallonia
Berzée,Namen,Wallonia
Beselare,West-Vlaanderen,Falnders
Betekom,Vlaams-Brabant,Falnders
Bettincourt,Luik,Wallonia
Beuzet,Namen,Wallonia
Bevel,Antwerpen,Falnders
Bever,Vlaams-Brabant,Falnders
Bevercé,Luik,Wallonia
Bevere,Oost-Vlaanderen,Falnders
Beveren,West-Vlaanderen,Falnders
Beveren,West-Vlaanderen,Falnders
Beveren-Aan-De-Ijzer,West-Vlaanderen,Falnders
Beveren-waas,Oost-Vlaanderen,Falnders
Beverlo,Limburg,Falnders
Beverst,Limburg,Falnders
Beyne-heusay,Luik,Wallonia
Bienne-Lez-Happart,Henegouwen,Wallonia
Bierbeek,Vlaams-Brabant,Falnders
Biercée,Henegouwen,Wallonia
Bierges,Waals-Brabant,Wallonia
Bierghes,Waals-Brabant,Wallonia
Bierset,Luik,Wallonia
Bierwart,Namen,Wallonia
Biesme,Namen,Wallonia
Biesme-Sous-Thuin,Henegouwen,Wallonia
Biesmerée,Namen,Wallonia
Biez,Waals-Brabant,Wallonia
Bihain,Luxemburg,Wallonia
Bikschote,West-Vlaanderen,Falnders
Bilstain,Luik,Wallonia
Bilzen,Limburg,Falnders
Binche,Henegouwen,Wallonia
Binderveld,Limburg,Falnders
Binkom,Vlaams-Brabant,Falnders
Bioul,Namen,Wallonia
Bissegem,West-Vlaanderen,Falnders
Bizet,Henegouwen,Wallonia
Bièvre,Namen,Wallonia
Blaasveld,Antwerpen,Falnders
Blaimont,Namen,Wallonia
Blandain,Henegouwen,Wallonia
Blanden,Vlaams-Brabant,Falnders
Blankenberge,West-Vlaanderen,Falnders
Blaregnies,Henegouwen,Wallonia
Blaton,Henegouwen,Wallonia
Blaugies,Henegouwen,Wallonia
Blehen,Luik,Wallonia
Bleid,Luxemburg,Wallonia
Bleret,Luik,Wallonia
Blicquy,Henegouwen,Wallonia
Blégny,Luik,Wallonia
Bléharies,Henegouwen,Wallonia
Bocholt,Limburg,Falnders
Bodegnée,Luik,Wallonia
Boechout,Antwerpen,Falnders
Boekhout,Limburg,Falnders
Boekhoute,Oost-Vlaanderen,Falnders
Boezinge,West-Vlaanderen,Falnders
Bogaarden,Vlaams-Brabant,Falnders
Bohan,Namen,Wallonia
Boignée,Namen,Wallonia
Boirs,Luik,Wallonia
Bois-D'Haine,Henegouwen,Wallonia
Bois-De-Lessines,Henegouwen,Wallonia
Bois-De-Villers,Namen,Wallonia
Bois-Et-Borsu,Luik,Wallonia
Bolinne,Namen,Wallonia
Bolland,Luik,Wallonia
Bomal,Waals-Brabant,Wallonia
Bomal-Sur-Ourthe,Luxemburg,Wallonia
Bombaye,Luik,Wallonia
Bommershoven,Limburg,Falnders
Bon-Secours,Henegouwen,Wallonia
Boncelles,Luik,Wallonia
Boneffe,Namen,Wallonia
Bonheiden,Antwerpen,Falnders
Boninne,Namen,Wallonia
Bonlez,Waals-Brabant,Wallonia
Bonnert,Luxemburg,Wallonia
Bonneville,Namen,Wallonia
Bonsin,Namen,Wallonia
Booischot,Antwerpen,Falnders
Booitshoeke,West-Vlaanderen,Falnders
Boom,Antwerpen,Falnders
Boorsem,Limburg,Falnders
Boortmeerbeek,Vlaams-Brabant,Falnders
Borchtlombeek,Vlaams-Brabant,Falnders
Borgerhout,Antwerpen,Falnders
Borgloon,Limburg,Falnders
Borlez,Luik,Wallonia
Borlo,Limburg,Falnders
Borlon,Luxemburg,Wallonia
Bornem,Antwerpen,Falnders
Bornival,Waals-Brabant,Wallonia
Borsbeek,Antwerpen,Falnders
Borsbeke,Oost-Vlaanderen,Falnders
Bossière,Namen,Wallonia
Bossuit,West-Vlaanderen,Falnders
Bossut-Gottechain,Waals-Brabant,Wallonia
Bost,Vlaams-Brabant,Falnders
Bothey,Namen,Wallonia
Bottelare,Oost-Vlaanderen,Falnders
Bouffioulx,Henegouwen,Wallonia
Bouge,Namen,Wallonia
Bougnies,Henegouwen,Wallonia
Bouillon,Luxemburg,Wallonia
Bourlers,Henegouwen,Wallonia
Bourseigne-Neuve,Namen,Wallonia
Bourseigne-Vieille,Namen,Wallonia
Boussoit,Henegouwen,Wallonia
Boussu,Henegouwen,Wallonia
Boussu-En-Fagne,Namen,Wallonia
Boussu-Lez-Walcourt,Henegouwen,Wallonia
Bousval,Waals-Brabant,Wallonia
Boutersem,Vlaams-Brabant,Falnders
Bouvignes-Sur-Meuse,Namen,Wallonia
Bouvignies,Henegouwen,Wallonia
Bouwel,Antwerpen,Falnders
Bovekerke,West-Vlaanderen,Falnders
Bovelingen,Limburg,Falnders
Bovenistier,Luik,Wallonia
Bovesse,Namen,Wallonia
Bovigny,Luxemburg,Wallonia
Boëlhe,Luik,Wallonia
Bra,Luik,Wallonia
Braffe,Henegouwen,Wallonia
Braibant,Namen,Wallonia
Braine-l'alleud,Waals-Brabant,Wallonia
Braine-le-château,Waals-Brabant,Wallonia
Braine-le-comte,Henegouwen,Wallonia
Braives,Luik,Wallonia
Brakel,Oost-Vlaanderen,Falnders
Branchon,Namen,Wallonia
Bras,Luxemburg,Wallonia
Brasmenil,Henegouwen,Wallonia
Brasschaat,Antwerpen,Falnders
Bray,Henegouwen,Wallonia
Brecht,Antwerpen,Falnders
Bredene,West-Vlaanderen,Falnders
Bree,Limburg,Falnders
Breendonk,Antwerpen,Falnders
Bressoux,Luik,Wallonia
Brielen,West-Vlaanderen,Falnders
Broechem,Antwerpen,Falnders
Broekom,Limburg,Falnders
Brugelette,Henegouwen,Wallonia
Brugge,West-Vlaanderen,Falnders
Brussegem,Vlaams-Brabant,Falnders
Brussel,Brussel,Brussel
Brustem,Limburg,Falnders
Bruyelle,Henegouwen,Wallonia
Brye,Henegouwen,Wallonia
Brûly,Namen,Wallonia
Brûly-De-Pesche,Namen,Wallonia
Budingen,Vlaams-Brabant,Falnders
Buggenhout,Oost-Vlaanderen,Falnders
Buissenal,Henegouwen,Wallonia
Buissonville,Namen,Wallonia
Buizingen,Vlaams-Brabant,Falnders
Buken,Vlaams-Brabant,Falnders
Bullange,Luik,Wallonia
Bulskamp,West-Vlaanderen,Falnders
Bunsbeek,Vlaams-Brabant,Falnders
Burcht,Antwerpen,Falnders
Burdinne,Luik,Wallonia
Bure,Luxemburg,Wallonia
Burst,Oost-Vlaanderen,Falnders
Bury,Henegouwen,Wallonia
Butgenbach,Luik,Wallonia
Buvingen,Limburg,Falnders
Buvrinnes,Henegouwen,Wallonia
Buzenol,Luxemburg,Wallonia
Buzet,Henegouwen,Wallonia
Callenelle,Henegouwen,Wallonia
Calonne,Henegouwen,Wallonia
Cambron-Casteau,Henegouwen,Wallonia
Cambron-Saint-Vincent,Henegouwen,Wallonia
Carlsbourg,Luxemburg,Wallonia
Carnières,Henegouwen,Wallonia
Casteau,Henegouwen,Wallonia
Castillon,Namen,Wallonia
Celles,Luik,Wallonia
Celles,Namen,Wallonia
Celles,Henegouwen,Wallonia
Cerfontaine,Namen,Wallonia
Chaineux,Luik,Wallonia
Chairière,Namen,Wallonia
Champion,Namen,Wallonia
Champlon,Luxemburg,Wallonia
Chanly,Luxemburg,Wallonia
Chantemelle,Luxemburg,Wallonia
Chapelle-lez-herlaimont,Henegouwen,Wallonia
Chapelle-À-Oie,Henegouwen,Wallonia
Chapelle-À-Wattines,Henegouwen,Wallonia
Chapon-Seraing,Luik,Wallonia
Charleroi,Henegouwen,Wallonia
Charneux,Luik,Wallonia
Chassepierre,Luxemburg,Wallonia
Chastre-Villeroux-Blanmont,Waals-Brabant,Wallonia
Chastrès,Namen,Wallonia
Chaudfontaine,Luik,Wallonia
Chaumont-gistoux,Waals-Brabant,Wallonia
Chaussée-Notre-Dame-Louvignies,Henegouwen,Wallonia
Cherain,Luxemburg,Wallonia
Cheratte,Luik,Wallonia
Chercq,Henegouwen,Wallonia
Chevetogne,Namen,Wallonia
Chevron,Luik,Wallonia
Chimay,Henegouwen,Wallonia
Chiny,Luxemburg,Wallonia
Chièvres,Henegouwen,Wallonia
Chokier,Luik,Wallonia
Châtelet,Henegouwen,Wallonia
Châtelineau,Henegouwen,Wallonia
Châtillon,Luxemburg,Wallonia
Chênee,Luik,Wallonia
Ciergnon,Namen,Wallonia
Ciney,Namen,Wallonia
Ciplet,Luik,Wallonia
Ciply,Henegouwen,Wallonia
Clabecq,Waals-Brabant,Wallonia
Clavier,Luik,Wallonia
Clermont,Luik,Wallonia
Clermont,Namen,Wallonia
Clermont-Sous-Huy,Luik,Wallonia
Cognelée,Namen,Wallonia
Colfontaine,Henegouwen,Wallonia
Comblain-Fairon,Luik,Wallonia
Comblain-La-Tour,Luik,Wallonia
Comblain-au-pont,Luik,Wallonia
Conneux,Namen,Wallonia
Corbais,Waals-Brabant,Wallonia
Corbion,Luxemburg,Wallonia
Cordes,Henegouwen,Wallonia
Corenne,Namen,Wallonia
Cornesse,Luik,Wallonia
Cornimont,Namen,Wallonia
Corroy-Le-Château,Namen,Wallonia
Corroy-Le-Grand,Waals-Brabant,Wallonia
Corswarem,Luik,Wallonia
Cortil-Noirmont,Waals-Brabant,Wallonia
Cortil-Wodon,Namen,Wallonia
Couillet,Henegouwen,Wallonia
Cour-Sur-Heure,Henegouwen,Wallonia
Courcelles,Henegouwen,Wallonia
Courrière,Namen,Wallonia
Court-saint-etienne,Waals-Brabant,Wallonia
Couthuin,Luik,Wallonia
Coutisse,Namen,Wallonia
Couture-Saint-Germain,Waals-Brabant,Wallonia
Couvin,Namen,Wallonia
Cras-Avernas,Luik,Wallonia
Crehen,Luik,Wallonia
Crisnée,Luik,Wallonia
Croix-Lez-Rouveroy,Henegouwen,Wallonia
Crombach,Luik,Wallonia
Crupet,Namen,Wallonia
Cuesmes,Henegouwen,Wallonia
Cugnon,Luxemburg,Wallonia
Cul-Des-Sarts,Namen,Wallonia
Custinne,Namen,Wallonia
Cérexhe-Heuseux,Luik,Wallonia
Céroux-Mousty,Waals-Brabant,Wallonia
Dadizele,West-Vlaanderen,Falnders
Dailly,Namen,Wallonia
Daknam,Oost-Vlaanderen,Falnders
Dalhem,Luik,Wallonia
Damme,West-Vlaanderen,Falnders
Dampicourt,Luxemburg,Wallonia
Dampremy,Henegouwen,Wallonia
Darion,Luik,Wallonia
Daussois,Namen,Wallonia
Daussoulx,Namen,Wallonia
Dave,Namen,Wallonia
Daverdisse,Luxemburg,Wallonia
De Haan,West-Vlaanderen,Falnders
De Klinge,Oost-Vlaanderen,Falnders
De Moeren,West-Vlaanderen,Falnders
De Panne,West-Vlaanderen,Falnders
De Pinte,Oost-Vlaanderen,Falnders
Deerlijk,West-Vlaanderen,Falnders
Deftinge,Oost-Vlaanderen,Falnders
Deinze,Oost-Vlaanderen,Falnders
Denderbelle,Oost-Vlaanderen,Falnders
Denderhoutem,Oost-Vlaanderen,Falnders
Denderleeuw,Oost-Vlaanderen,Falnders
Dendermonde,Oost-Vlaanderen,Falnders
Denderwindeke,Oost-Vlaanderen,Falnders
Dentergem,West-Vlaanderen,Falnders
Denée,Namen,Wallonia
Dergneau,Henegouwen,Wallonia
Dessel,Antwerpen,Falnders
Desselgem,West-Vlaanderen,Falnders
Destelbergen,Oost-Vlaanderen,Falnders
Desteldonk,Oost-Vlaanderen,Falnders
Deurle,Oost-Vlaanderen,Falnders
Deurne,Antwerpen,Falnders
Deurne,Vlaams-Brabant,Falnders
Deux-Acren,Henegouwen,Wallonia
Dhuy,Namen,Wallonia
Diegem,Vlaams-Brabant,Falnders
Diepenbeek,Limburg,Falnders
Diest,Vlaams-Brabant,Falnders
Diets-Heur,Limburg,Falnders
Dikkebus,West-Vlaanderen,Falnders
Dikkele,Oost-Vlaanderen,Falnders
Dikkelvenne,Oost-Vlaanderen,Falnders
Diksmuide,West-Vlaanderen,Falnders
Dilbeek,Vlaams-Brabant,Falnders
Dilsen,Limburg,Falnders
Dilsen-stokkem,Limburg,Falnders
Dinant,Namen,Wallonia
Dion,Namen,Wallonia
Dion-Valmont,Waals-Brabant,Wallonia
Dison,Luik,Wallonia
Dochamps,Luxemburg,Wallonia
Doel,Oost-Vlaanderen,Falnders
Dohan,Luxemburg,Wallonia
Doische,Namen,Wallonia
Dolembreux,Luik,Wallonia
Donceel,Luik,Wallonia
Dongelberg,Waals-Brabant,Wallonia
Donk,Limburg,Falnders
Donstiennes,Henegouwen,Wallonia
Dorinne,Namen,Wallonia
Dormaal,Vlaams-Brabant,Falnders
Dottenijs,Henegouwen,Wallonia
Dour,Henegouwen,Wallonia
Dourbes,Namen,Wallonia
Dranouter,West-Vlaanderen,Falnders
Driekapellen,West-Vlaanderen,Falnders
Drieslinter,Vlaams-Brabant,Falnders
Drogenbos,Vlaams-Brabant,Falnders
Drongen,Oost-Vlaanderen,Falnders
Dréhance,Namen,Wallonia
Dudzele,West-Vlaanderen,Falnders
Duffel,Antwerpen,Falnders
Duisburg,Vlaams-Brabant,Falnders
Duras,Limburg,Falnders
Durbuy,Luxemburg,Wallonia
Durnal,Namen,Wallonia
Dworp,Vlaams-Brabant,Falnders
Eben-Emael,Luik,Wallonia
Ebly,Luxemburg,Wallonia
Ecaussinnes-D'Enghien,Henegouwen,Wallonia
Ecaussinnes-Lalaing,Henegouwen,Wallonia
Edegem,Antwerpen,Falnders
Edelare,Oost-Vlaanderen,Falnders
Edingen,Henegouwen,Wallonia
Eeklo,Oost-Vlaanderen,Falnders
Eernegem,West-Vlaanderen,Falnders
Egem,West-Vlaanderen,Falnders
Eggewaartskapelle,West-Vlaanderen,Falnders
Eghezée,Namen,Wallonia
Ehein,Luik,Wallonia
Ehein,Luik,Wallonia
Eigenbilzen,Limburg,Falnders
Eindhout,Antwerpen,Falnders
Eine,Oost-Vlaanderen,Falnders
Eisden,Limburg,Falnders
Eke,Oost-Vlaanderen,Falnders
Ekeren,Antwerpen,Falnders
Eksaarde,Oost-Vlaanderen,Falnders
Eksel,Limburg,Falnders
Elen,Limburg,Falnders
Elene,Oost-Vlaanderen,Falnders
Elewijt,Vlaams-Brabant,Falnders
Eliksem,Vlaams-Brabant,Falnders
Elingen,Vlaams-Brabant,Falnders
Ellemelle,Luik,Wallonia
Ellezelles,Henegouwen,Wallonia
Ellignies-Lez-Frasnes,Henegouwen,Wallonia
Ellignies-Saint-Anne,Henegouwen,Wallonia
Ellikom,Limburg,Falnders
Elouges,Henegouwen,Wallonia
Elsegem,Oost-Vlaanderen,Falnders
Elsenborn,Luik,Wallonia
Elsene,Brussel,Brussel
Elst,Oost-Vlaanderen,Falnders
Elverdinge,West-Vlaanderen,Falnders
Elversele,Oost-Vlaanderen,Falnders
Emblem,Antwerpen,Falnders
Embourg,Luik,Wallonia
Emelgem,West-Vlaanderen,Falnders
Emines,Namen,Wallonia
Emptinne,Namen,Wallonia
Ename,Oost-Vlaanderen,Falnders
Engelmanshoven,Limburg,Falnders
Engis,Luik,Wallonia
Enines,Waals-Brabant,Wallonia
Ensival,Luik,Wallonia
Epinois,Henegouwen,Wallonia
Eppegem,Vlaams-Brabant,Falnders
Eprave,Namen,Wallonia
Erbaut,Henegouwen,Wallonia
Erbisoeul,Henegouwen,Wallonia
Ere,Henegouwen,Wallonia
Erembodegem,Oost-Vlaanderen,Falnders
Erezée,Luxemburg,Wallonia
Ermeton-Sur-Biert,Namen,Wallonia
Ernage,Namen,Wallonia
Erneuville,Luxemburg,Wallonia
Ernonheid,Luik,Wallonia
Erondegem,Oost-Vlaanderen,Falnders
Erpe,Oost-Vlaanderen,Falnders
Erpent,Namen,Wallonia
Erpion,Henegouwen,Wallonia
Erps-Kwerps,Vlaams-Brabant,Falnders
Erquelinnes,Henegouwen,Wallonia
Erquennes,Henegouwen,Wallonia
Ertvelde,Oost-Vlaanderen,Falnders
Erwetegem,Oost-Vlaanderen,Falnders
Escanaffles,Henegouwen,Wallonia
Esen,West-Vlaanderen,Falnders
Esneux,Luik,Wallonia
Esplechin,Henegouwen,Wallonia
Esquelmes,Henegouwen,Wallonia
Essen,Antwerpen,Falnders
Essene,Vlaams-Brabant,Falnders
Estaimbourg,Henegouwen,Wallonia
Estaimpuis,Henegouwen,Wallonia
Estinnes-Au-Mont,Henegouwen,Wallonia
Estinnes-Au-Val,Henegouwen,Wallonia
Etalle,Luxemburg,Wallonia
Ethe,Luxemburg,Wallonia
Etikhove,Oost-Vlaanderen,Falnders
Ettelgem,West-Vlaanderen,Falnders
Etterbeek,Brussel,Brussel
Eugies,Henegouwen,Wallonia
Eupen,Luik,Wallonia
Evegnée,Luik,Wallonia
Evelette,Namen,Wallonia
Everbeek,Oost-Vlaanderen,Falnders
Everberg,Vlaams-Brabant,Falnders
Evere,Brussel,Brussel
Evergem,Oost-Vlaanderen,Falnders
Evregnies,Henegouwen,Wallonia
Evrehailles,Namen,Wallonia
Eynatten,Luik,Wallonia
Ezemaal,Vlaams-Brabant,Falnders
Fagnolle,Namen,Wallonia
Faimes,Luik,Wallonia
Falaen,Namen,Wallonia
Falisolle,Namen,Wallonia
Fallais,Luik,Wallonia
Falmagne,Namen,Wallonia
Falmignoul,Namen,Wallonia
Familleureux,Henegouwen,Wallonia
Farciennes,Henegouwen,Wallonia
Faulx-Les-Tombes,Namen,Wallonia
Fauroeulx,Henegouwen,Wallonia
Fauvillers,Luxemburg,Wallonia
Faymonville,Luik,Wallonia
Fays-Les-Veneurs,Luxemburg,Wallonia
Fayt-Le-Franc,Henegouwen,Wallonia
Fayt-Lez-Manage,Henegouwen,Wallonia
Felenne,Namen,Wallonia
Feluy,Henegouwen,Wallonia
Feneur,Luik,Wallonia
Ferrières,Luik,Wallonia
Feschaux,Namen,Wallonia
Fexhe-Slins,Luik,Wallonia
Fexhe-le-haut-clocher,Luik,Wallonia
Filot,Luik,Wallonia
Finnevaux,Namen,Wallonia
Fize-Fontaine,Luik,Wallonia
Fize-Le-Marsal,Luik,Wallonia
Flamierge,Luxemburg,Wallonia
Flavion,Namen,Wallonia
Flawinne,Namen,Wallonia
Fleurus,Henegouwen,Wallonia
Floreffe,Namen,Wallonia
Florennes,Namen,Wallonia
Florenville,Luxemburg,Wallonia
Floriffoux,Namen,Wallonia
Florée,Namen,Wallonia
Flostoy,Namen,Wallonia
Flémalle-Grande,Luik,Wallonia
Flémalle-Haute,Luik,Wallonia
Flénu,Henegouwen,Wallonia
Fléron,Luik,Wallonia
Flône,Luik,Wallonia
Focant,Namen,Wallonia
Folx-Les-Caves,Waals-Brabant,Wallonia
Fontaine-Valmont,Henegouwen,Wallonia
Fontaine-l'evêque,Henegouwen,Wallonia
Fontenelle,Namen,Wallonia
Fontenoille,Luxemburg,Wallonia
Fontenoy,Henegouwen,Wallonia
Fooz,Luik,Wallonia
Forchies-La-Marche,Henegouwen,Wallonia
Forest,Henegouwen,Wallonia
Forge-Philippe,Henegouwen,Wallonia
Forges,Henegouwen,Wallonia
Forrières,Luxemburg,Wallonia
Forville,Namen,Wallonia
Forêt,Luik,Wallonia
Fosse,Luik,Wallonia
Fosses-la-ville,Namen,Wallonia
Fouleng,Henegouwen,Wallonia
Fourbechies,Henegouwen,Wallonia
Foy-Notre-Dame,Namen,Wallonia
Fraipont,Luik,Wallonia
Fraire,Namen,Wallonia
Fraiture,Luik,Wallonia
Frameries,Henegouwen,Wallonia
Framont,Luxemburg,Wallonia
Franc-Waret,Namen,Wallonia
Franchimont,Namen,Wallonia
Francorchamps,Luik,Wallonia
Franière,Namen,Wallonia
Frasnes,Namen,Wallonia
Frasnes-Lez-Buissenal,Henegouwen,Wallonia
Frasnes-Lez-Gosselies,Henegouwen,Wallonia
Freloux,Luik,Wallonia
Freux,Luxemburg,Wallonia
Froidchapelle,Henegouwen,Wallonia
Froidfontaine,Namen,Wallonia
Froidmont,Henegouwen,Wallonia
Fronville,Luxemburg,Wallonia
Froyennes,Henegouwen,Wallonia
Fumal,Luik,Wallonia
Furfooz,Namen,Wallonia
Furnaux,Namen,Wallonia
Gaasbeek,Vlaams-Brabant,Falnders
Gages,Henegouwen,Wallonia
Gallaix,Henegouwen,Wallonia
Galmaarden,Vlaams-Brabant,Falnders
Ganshoren,Brussel,Brussel
Gaurain-Ramecroix,Henegouwen,Wallonia
Gavere,Oost-Vlaanderen,Falnders
Gedinne,Namen,Wallonia
Geel,Antwerpen,Falnders
Geer,Luik,Wallonia
Geest-Gérompont-Petit-Rosière,Waals-Brabant,Wallonia
Geetbets,Vlaams-Brabant,Falnders
Gelbressée,Namen,Wallonia
Gelinden,Limburg,Falnders
Gellik,Limburg,Falnders
Gelrode,Vlaams-Brabant,Falnders
Geluveld,West-Vlaanderen,Falnders
Geluwe,West-Vlaanderen,Falnders
Gembes,Luxemburg,Wallonia
Gembloux,Namen,Wallonia
Gemmenich,Luik,Wallonia
Genappe,Waals-Brabant,Wallonia
Genk,Limburg,Falnders
Genly,Henegouwen,Wallonia
Genoelselderen,Limburg,Falnders
Gent,Oost-Vlaanderen,Falnders
Gentbrugge,Oost-Vlaanderen,Falnders
Gentinnes,Waals-Brabant,Wallonia
Genval,Waals-Brabant,Wallonia
Geraardsbergen,Oost-Vlaanderen,Falnders
Gerdingen,Limburg,Falnders
Gerin,Namen,Wallonia
Gerpinnes,Henegouwen,Wallonia
Gestel,Antwerpen,Falnders
Gesves,Namen,Wallonia
Ghislenghien,Henegouwen,Wallonia
Ghlin,Henegouwen,Wallonia
Ghoy,Henegouwen,Wallonia
Gibecq,Henegouwen,Wallonia
Gierle,Antwerpen,Falnders
Gijverinkhove,West-Vlaanderen,Falnders
Gijzegem,Oost-Vlaanderen,Falnders
Gijzelbrechtegem,West-Vlaanderen,Falnders
Gijzenzele,Oost-Vlaanderen,Falnders
Gilly,Henegouwen,Wallonia
Gimnée,Namen,Wallonia
Gingelom,Limburg,Falnders
Gistel,West-Vlaanderen,Falnders
Gits,West-Vlaanderen,Falnders
Givry,Henegouwen,Wallonia
Glabais,Waals-Brabant,Wallonia
Glabbeek,Vlaams-Brabant,Falnders
Glain,Luik,Wallonia
Gleixhe,Luik,Wallonia
Glimes,Waals-Brabant,Wallonia
Glons,Luik,Wallonia
Gochenée,Namen,Wallonia
Godarville,Henegouwen,Wallonia
Godinne,Namen,Wallonia
Godveerdegem,Oost-Vlaanderen,Falnders
Goeferdinge,Oost-Vlaanderen,Falnders
Goegnies-Chaussée,Henegouwen,Wallonia
Goesnes,Namen,Wallonia
Goetsenhoven,Vlaams-Brabant,Falnders
Gomzé-Andoumont,Luik,Wallonia
Gondregnies,Henegouwen,Wallonia
Gonrieux,Namen,Wallonia
Gontrode,Oost-Vlaanderen,Falnders
Gooik,Vlaams-Brabant,Falnders
Gors-Opleeuw,Limburg,Falnders
Gorsem,Limburg,Falnders
Gosselies,Henegouwen,Wallonia
Gotem,Limburg,Falnders
Gottem,Oost-Vlaanderen,Falnders
Gottignies,Henegouwen,Wallonia
Gougnies,Henegouwen,Wallonia
Gourdinne,Namen,Wallonia
Goutroux,Henegouwen,Wallonia
Gouvy,Luxemburg,Wallonia
Gouy-Lez-Piéton,Henegouwen,Wallonia
Gozée,Henegouwen,Wallonia
Goé,Luik,Wallonia
Graide,Namen,Wallonia
Grammene,Oost-Vlaanderen,Falnders
Grand-Axhe,Luik,Wallonia
Grand-Hallet,Luik,Wallonia
Grand-Halleux,Luxemburg,Wallonia
Grand-Leez,Namen,Wallonia
Grand-Manil,Namen,Wallonia
Grand-Rechain,Luik,Wallonia
Grand-Reng,Henegouwen,Wallonia
Grand-Rosière-Hottomont,Waals-Brabant,Wallonia
Grandglise,Henegouwen,Wallonia
Grandhan,Luxemburg,Wallonia
Grandmenil,Luxemburg,Wallonia
Grandmetz,Henegouwen,Wallonia
Grandrieu,Henegouwen,Wallonia
Grandville,Luik,Wallonia
Grandvoir,Luxemburg,Wallonia
Grapfontaine,Luxemburg,Wallonia
Graty,Henegouwen,Wallonia
Graux,Namen,Wallonia
Grazen,Vlaams-Brabant,Falnders
Grembergen,Oost-Vlaanderen,Falnders
Grez-doiceau,Waals-Brabant,Wallonia
Grimbergen,Vlaams-Brabant,Falnders
Grimminge,Oost-Vlaanderen,Falnders
Grivegnee,Luik,Wallonia
Grobbendonk,Antwerpen,Falnders
Groot-Bijgaarden,Vlaams-Brabant,Falnders
Groot-Gelmen,Limburg,Falnders
Groot-Loon,Limburg,Falnders
Gros-Fays,Namen,Wallonia
Grosage,Henegouwen,Wallonia
Grote-Brogel,Limburg,Falnders
Grote-Spouwen,Limburg,Falnders
Grotenberge,Oost-Vlaanderen,Falnders
Gruitrode,Limburg,Falnders
Grune,Luxemburg,Wallonia
Grupont,Luxemburg,Wallonia
Grâce-Berleur,Luik,Wallonia
Grâce-hollogne,Luik,Wallonia
Guignies,Henegouwen,Wallonia
Guigoven,Limburg,Falnders
Guirsch,Luxemburg,Wallonia
Gullegem,West-Vlaanderen,Falnders
Gutshoven,Limburg,Falnders
Gérompont,Waals-Brabant,Wallonia
Gérouville,Luxemburg,Wallonia
Haacht,Vlaams-Brabant,Falnders
Haaltert,Oost-Vlaanderen,Falnders
Haasdonk,Oost-Vlaanderen,Falnders
Haasrode,Vlaams-Brabant,Falnders
Habay-La-Neuve,Luxemburg,Wallonia
Habay-La-Vieille,Luxemburg,Wallonia
Habergy,Luxemburg,Wallonia
Haccourt,Luik,Wallonia
Hachy,Luxemburg,Wallonia
Hacquegnies,Henegouwen,Wallonia
Haillot,Namen,Wallonia
Haine-Saint-Paul,Henegouwen,Wallonia
Haine-Saint-Pierre,Henegouwen,Wallonia
Hainin,Henegouwen,Wallonia
Hakendover,Vlaams-Brabant,Falnders
Halanzy,Luxemburg,Wallonia
Halen,Limburg,Falnders
Hallaar,Antwerpen,Falnders
Halle,Vlaams-Brabant,Falnders
Halle,Antwerpen,Falnders
Halle-Booienhoven,Vlaams-Brabant,Falnders
Halleux,Luxemburg,Wallonia
Halma,Luxemburg,Wallonia
Halmaal,Limburg,Falnders
Haltinne,Namen,Wallonia
Ham-Sur-Sambre,Namen,Wallonia
Ham-sur-heure,Henegouwen,Wallonia
Hamipré,Luxemburg,Wallonia
Hamme,Vlaams-Brabant,Falnders
Hamme,Oost-Vlaanderen,Falnders
Hamme-Mille,Waals-Brabant,Wallonia
Hamoir,Luik,Wallonia
Hamois,Namen,Wallonia
Hamont,Limburg,Falnders
Hampteau,Luxemburg,Wallonia
Han-Sur-Lesse,Namen,Wallonia
Handzame,West-Vlaanderen,Falnders
Haneffe,Luik,Wallonia
Hannut,Luik,Wallonia
Hannêche,Luik,Wallonia
Hanret,Namen,Wallonia
Hansbeke,Oost-Vlaanderen,Falnders
Hantes-Wihéries,Henegouwen,Wallonia
Hanzinelle,Namen,Wallonia
Hanzinne,Namen,Wallonia
Harchies,Henegouwen,Wallonia
Harelbeke,West-Vlaanderen,Falnders
Haren,Limburg,Falnders
Haren,Limburg,Falnders
Haren,Brussel,Brussel
Hargimont,Luxemburg,Wallonia
Harmignies,Henegouwen,Wallonia
Harnoncourt,Luxemburg,Wallonia
Harre,Luxemburg,Wallonia
Harsin,Luxemburg,Wallonia
Harveng,Henegouwen,Wallonia
Harzé,Luik,Wallonia
Hasselt,Limburg,Falnders
Hastière-Lavaux,Namen,Wallonia
Hastière-Par-Delà,Namen,Wallonia
Hatrival,Luxemburg,Wallonia
Haulchin,Henegouwen,Wallonia
Hauset,Luik,Wallonia
Haut-Fays,Luxemburg,Wallonia
Haut-Ittre,Waals-Brabant,Wallonia
Haut-Le-Wastia,Namen,Wallonia
Hautrage,Henegouwen,Wallonia
Havay,Henegouwen,Wallonia
Havelange,Namen,Wallonia
Haversin,Namen,Wallonia
Havinnes,Henegouwen,Wallonia
Havre,Henegouwen,Wallonia
Hechtel,Limburg,Falnders
Heer,Namen,Wallonia
Heers,Limburg,Falnders
Hees,Limburg,Falnders
Heestert,West-Vlaanderen,Falnders
Heffen,Antwerpen,Falnders
Heikruis,Vlaams-Brabant,Falnders
Heindonk,Antwerpen,Falnders
Heinsch,Luxemburg,Wallonia
Heist-Aan-Zee,West-Vlaanderen,Falnders
Heist-op-den-berg,Antwerpen,Falnders
Hekelgem,Vlaams-Brabant,Falnders
Heks,Limburg,Falnders
Helchteren,Limburg,Falnders
Heldergem,Oost-Vlaanderen,Falnders
Helen-Bos,Vlaams-Brabant,Falnders
Helkijn,West-Vlaanderen,Falnders
Hellebecq,Henegouwen,Wallonia
Hemelveerdegem,Oost-Vlaanderen,Falnders
Hemiksem,Antwerpen,Falnders
Hemptinne,Namen,Wallonia
Hemptinne-Lez-Florennes,Namen,Wallonia
Hendrieken,Limburg,Falnders
Henis,Limburg,Falnders
Hennuyères,Henegouwen,Wallonia
Henri-Chapelle,Luik,Wallonia
Henripont,Henegouwen,Wallonia
Hensies,Henegouwen,Wallonia
Heppen,Limburg,Falnders
Heppenbach,Luik,Wallonia
Heppignies,Henegouwen,Wallonia
Herbeumont,Luxemburg,Wallonia
Herchies,Henegouwen,Wallonia
Herderen,Limburg,Falnders
Herdersem,Oost-Vlaanderen,Falnders
Herent,Vlaams-Brabant,Falnders
Herentals,Antwerpen,Falnders
Herenthout,Antwerpen,Falnders
Herfelingen,Vlaams-Brabant,Falnders
Hergenrath,Luik,Wallonia
Herk-de-stad,Limburg,Falnders
Hermalle-Sous-Argenteau,Luik,Wallonia
Hermalle-Sous-Huy,Luik,Wallonia
Hermeton-Sur-Meuse,Namen,Wallonia
Hermée,Luik,Wallonia
Herne,Vlaams-Brabant,Falnders
Herquegies,Henegouwen,Wallonia
Herseaux,Henegouwen,Wallonia
Herselt,Antwerpen,Falnders
Herstal,Luik,Wallonia
Herstappe,Limburg,Falnders
Hertain,Henegouwen,Wallonia
Herten,Limburg,Falnders
Hertsberge,West-Vlaanderen,Falnders
Herve,Luik,Wallonia
Herzele,Oost-Vlaanderen,Falnders
Heule,West-Vlaanderen,Falnders
Heure,Namen,Wallonia
Heure-Le-Romain,Luik,Wallonia
Heurne,Oost-Vlaanderen,Falnders
Heusden,Limburg,Falnders
Heusden,Oost-Vlaanderen,Falnders
Heusden-zolder,Limburg,Falnders
Heusy,Luik,Wallonia
Hever,Vlaams-Brabant,Falnders
Heverlee,Vlaams-Brabant,Falnders
Heyd,Luxemburg,Wallonia
Hillegem,Oost-Vlaanderen,Falnders
Hingene,Antwerpen,Falnders
Hingeon,Namen,Wallonia
Hives,Luxemburg,Wallonia
Hoboken,Antwerpen,Falnders
Hodeige,Luik,Wallonia
Hodister,Luxemburg,Wallonia
Hody,Luik,Wallonia
Hoegaarden,Vlaams-Brabant,Falnders
Hoeilaart,Vlaams-Brabant,Falnders
Hoeke,West-Vlaanderen,Falnders
Hoelbeek,Limburg,Falnders
Hoeleden,Vlaams-Brabant,Falnders
Hoepertingen,Limburg,Falnders
Hoeselt,Limburg,Falnders
Hoevenen,Antwerpen,Falnders
Hofstade,Vlaams-Brabant,Falnders
Hofstade,Oost-Vlaanderen,Falnders
Hogne,Namen,Wallonia
Hognoul,Luik,Wallonia
Hollain,Henegouwen,Wallonia
Hollange,Luxemburg,Wallonia
Hollebeke,West-Vlaanderen,Falnders
Hollogne-Aux-Pierres,Luik,Wallonia
Hollogne-Sur-Geer,Luik,Wallonia
Holsbeek,Vlaams-Brabant,Falnders
Hombeek,Antwerpen,Falnders
Hombourg,Luik,Wallonia
Hompré,Luxemburg,Wallonia
Hondelange,Luxemburg,Wallonia
Honnay,Namen,Wallonia
Hooglede,West-Vlaanderen,Falnders
Hoogstade,West-Vlaanderen,Falnders
Hoogstraten,Antwerpen,Falnders
Horion-Hozémont,Luik,Wallonia
Hornu,Henegouwen,Wallonia
Horpmaal,Limburg,Falnders
Horrues,Henegouwen,Wallonia
Hotton,Luxemburg,Wallonia
Houdemont,Luxemburg,Wallonia
Houdeng-Aimeries,Henegouwen,Wallonia
Houdeng-Goegnies,Henegouwen,Wallonia
Houdremont,Namen,Wallonia
Houffalize,Luxemburg,Wallonia
Hour,Namen,Wallonia
Housse,Luik,Wallonia
Houtain-Le-Val,Waals-Brabant,Wallonia
Houtain-Saint-Siméon,Luik,Wallonia
Houtaing,Henegouwen,Wallonia
Houtave,West-Vlaanderen,Falnders
Houtem,West-Vlaanderen,Falnders
Houthalen,Limburg,Falnders
Houthem,Henegouwen,Wallonia
Houthulst,West-Vlaanderen,Falnders
Houtvenne,Antwerpen,Falnders
Houwaart,Vlaams-Brabant,Falnders
Houx,Namen,Wallonia
Houyet,Namen,Wallonia
Hove,Antwerpen,Falnders
Hoves,Henegouwen,Wallonia
Howardries,Henegouwen,Wallonia
Huccorgne,Luik,Wallonia
Huise,Oost-Vlaanderen,Falnders
Huissignies,Henegouwen,Wallonia
Huizingen,Vlaams-Brabant,Falnders
Huldenberg,Vlaams-Brabant,Falnders
Hulshout,Antwerpen,Falnders
Hulsonniaux,Namen,Wallonia
Hulste,West-Vlaanderen,Falnders
Humain,Luxemburg,Wallonia
Humbeek,Vlaams-Brabant,Falnders
Hundelgem,Oost-Vlaanderen,Falnders
Huppaye,Waals-Brabant,Wallonia
Huy,Luik,Wallonia
Hyon,Henegouwen,Wallonia
Hérinnes-Lez-Pecq,Henegouwen,Wallonia
Héron,Luik,Wallonia
Hévillers,Waals-Brabant,Wallonia
Ichtegem,West-Vlaanderen,Falnders
Iddergem,Oost-Vlaanderen,Falnders
Idegem,Oost-Vlaanderen,Falnders
Ieper,West-Vlaanderen,Falnders
Impe,Oost-Vlaanderen,Falnders
Incourt,Waals-Brabant,Wallonia
Ingelmunster,West-Vlaanderen,Falnders
Ingooigem,West-Vlaanderen,Falnders
Irchonwelz,Henegouwen,Wallonia
Isières,Henegouwen,Wallonia
Isnes,Namen,Wallonia
Itegem,Antwerpen,Falnders
Itterbeek,Vlaams-Brabant,Falnders
Ittre,Waals-Brabant,Wallonia
Ivoz-Ramet,Luik,Wallonia
Izegem,West-Vlaanderen,Falnders
Izel,Luxemburg,Wallonia
Izenberge,West-Vlaanderen,Falnders
Izier,Luxemburg,Wallonia
Jabbeke,West-Vlaanderen,Falnders
Jalhay,Luik,Wallonia
Jallet,Namen,Wallonia
Jamagne,Namen,Wallonia
Jambes,Namen,Wallonia
Jamiolle,Namen,Wallonia
Jamioulx,Henegouwen,Wallonia
Jamoigne,Luxemburg,Wallonia
Jandrain-Jandrenouille,Waals-Brabant,Wallonia
Jauche,Waals-Brabant,Wallonia
Jauchelette,Waals-Brabant,Wallonia
Javingue,Namen,Wallonia
Jehay,Luik,Wallonia
Jehonville,Luxemburg,Wallonia
Jemappes,Henegouwen,Wallonia
Jemelle,Namen,Wallonia
Jemeppe-Sur-Meuse,Luik,Wallonia
Jemeppe-sur-sambre,Namen,Wallonia
Jeneffe,Luik,Wallonia
Jeneffe,Namen,Wallonia
Jesseren,Limburg,Falnders
Jette,Brussel,Brussel
Jeuk,Limburg,Falnders
Jodoigne,Waals-Brabant,Wallonia
Jodoigne-Souveraine,Waals-Brabant,Wallonia
Jollain-Merlin,Henegouwen,Wallonia
Joncret,Henegouwen,Wallonia
Julémont,Luik,Wallonia
Jumet,Henegouwen,Wallonia
Jupille-Sur-Meuse,Luik,Wallonia
Juprelle,Luik,Wallonia
Jurbise,Henegouwen,Wallonia
Juseret,Luxemburg,Wallonia
Kaaskerke,West-Vlaanderen,Falnders
Kachtem,West-Vlaanderen,Falnders
Kaggevinne,Vlaams-Brabant,Falnders
Kain,Henegouwen,Wallonia
Kalken,Oost-Vlaanderen,Falnders
Kallo,Oost-Vlaanderen,Falnders
Kallo,Oost-Vlaanderen,Falnders
Kalmthout,Antwerpen,Falnders
Kampenhout,Vlaams-Brabant,Falnders
Kanegem,West-Vlaanderen,Falnders
Kanne,Limburg,Falnders
Kapelle-op-den-bos,Vlaams-Brabant,Falnders
Kapellen,Antwerpen,Falnders
Kapellen,Vlaams-Brabant,Falnders
Kaprijke,Oost-Vlaanderen,Falnders
Kaster,West-Vlaanderen,Falnders
Kasterlee,Antwerpen,Falnders
Kaulille,Limburg,Falnders
Keerbergen,Vlaams-Brabant,Falnders
Keiem,West-Vlaanderen,Falnders
Kemexhe,Luik,Wallonia
Kemmel,West-Vlaanderen,Falnders
Kemzeke,Oost-Vlaanderen,Falnders
Kerkhove,West-Vlaanderen,Falnders
Kerkom,Vlaams-Brabant,Falnders
Kerkom-Bij-Sint-Truiden,Limburg,Falnders
Kerksken,Oost-Vlaanderen,Falnders
Kermt,Limburg,Falnders
Kerniel,Limburg,Falnders
Kersbeek-Miskom,Vlaams-Brabant,Falnders
Kessel,Antwerpen,Falnders
Kessel-Lo,Vlaams-Brabant,Falnders
Kessenich,Limburg,Falnders
Kester,Vlaams-Brabant,Falnders
Kettenis,Luik,Wallonia
Keumiée,Namen,Wallonia
Kieldrecht,Oost-Vlaanderen,Falnders
Kinrooi,Limburg,Falnders
Klein-Gelmen,Limburg,Falnders
Kleine-Brogel,Limburg,Falnders
Kleine-Spouwen,Limburg,Falnders
Klemskerke,West-Vlaanderen,Falnders
Klerken,West-Vlaanderen,Falnders
Kluizen,Oost-Vlaanderen,Falnders
Knesselare,Oost-Vlaanderen,Falnders
Knokke,West-Vlaanderen,Falnders
Kobbegem,Vlaams-Brabant,Falnders
Koekelare,West-Vlaanderen,Falnders
Koekelberg,Brussel,Brussel
Koersel,Limburg,Falnders
Koksijde,West-Vlaanderen,Falnders
Kolmont,Limburg,Falnders
Kolmont,Limburg,Falnders
Komen,Henegouwen,Wallonia
Komen-waasten,Henegouwen,Wallonia
Koningshooikt,Antwerpen,Falnders
Koninksem,Limburg,Falnders
Kontich,Antwerpen,Falnders
Kooigem,West-Vlaanderen,Falnders
Koolkerke,West-Vlaanderen,Falnders
Koolskamp,West-Vlaanderen,Falnders
Korbeek-Dijle,Vlaams-Brabant,Falnders
Korbeek-Lo,Vlaams-Brabant,Falnders
Kortemark,West-Vlaanderen,Falnders
Kortenaken,Vlaams-Brabant,Falnders
Kortenberg,Vlaams-Brabant,Falnders
Kortessem,Limburg,Falnders
Kortijs,Limburg,Falnders
Kortrijk,West-Vlaanderen,Falnders
Kortrijk-Dutsel,Vlaams-Brabant,Falnders
Kozen,Limburg,Falnders
Kraainem,Vlaams-Brabant,Falnders
Krombeke,West-Vlaanderen,Falnders
Kruibeke,Oost-Vlaanderen,Falnders
Kruishoutem,Oost-Vlaanderen,Falnders
Kumtich,Vlaams-Brabant,Falnders
Kuringen,Limburg,Falnders
Kuttekoven,Limburg,Falnders
Kuurne,West-Vlaanderen,Falnders
Kwaadmechelen,Limburg,Falnders
Kwaremont,Oost-Vlaanderen,Falnders
L'Ecluse,Waals-Brabant,Wallonia
L'Escaillère,Henegouwen,Wallonia
La Bouverie,Henegouwen,Wallonia
La Calamine,Luik,Wallonia
La Glanerie,Henegouwen,Wallonia
La Gleize,Luik,Wallonia
La Hestre,Henegouwen,Wallonia
La Hulpe,Waals-Brabant,Wallonia
La Louvière,Henegouwen,Wallonia
La Reid,Luik,Wallonia
La Roche-en-ardenne,Luxemburg,Wallonia
Laar,Vlaams-Brabant,Falnders
Laarne,Oost-Vlaanderen,Falnders
Labuissière,Henegouwen,Wallonia
Lacuisine,Luxemburg,Wallonia
Ladeuze,Henegouwen,Wallonia
Laforet,Namen,Wallonia
Lahamaide,Henegouwen,Wallonia
Laken,Brussel,Brussel
Lamain,Henegouwen,Wallonia
Lambermont,Luik,Wallonia
Lambusart,Henegouwen,Wallonia
Lamine,Luik,Wallonia
Lamontzée,Luik,Wallonia
Lamorteau,Luxemburg,Wallonia
Lampernisse,West-Vlaanderen,Falnders
Lanaken,Limburg,Falnders
Lanaye,Luik,Wallonia
Landegem,Oost-Vlaanderen,Falnders
Landelies,Henegouwen,Wallonia
Landen,Vlaams-Brabant,Falnders
Landenne,Namen,Wallonia
Landskouter,Oost-Vlaanderen,Falnders
Laneffe,Namen,Wallonia
Langdorp,Vlaams-Brabant,Falnders
Langemark,West-Vlaanderen,Falnders
Lanklaar,Limburg,Falnders
Lanquesaint,Henegouwen,Wallonia
Lantin,Luik,Wallonia
Lantremange,Luik,Wallonia
Laplaigne,Henegouwen,Wallonia
Lapscheure,West-Vlaanderen,Falnders
Lasne-Chapelle-Saint-Lambert,Waals-Brabant,Wallonia
Lathuy,Waals-Brabant,Wallonia
Latinne,Luik,Wallonia
Latour,Luxemburg,Wallonia
Lauw,Limburg,Falnders
Lauwe,West-Vlaanderen,Falnders
Lavacherie,Luxemburg,Wallonia
Lavaux-Saint-Anne,Namen,Wallonia
Lavoir,Luik,Wallonia
Le Mesnil,Namen,Wallonia
Le Roeulx,Henegouwen,Wallonia
Le Roux,Namen,Wallonia
Lebbeke,Oost-Vlaanderen,Falnders
Lede,Oost-Vlaanderen,Falnders
Ledeberg,Oost-Vlaanderen,Falnders
Ledegem,West-Vlaanderen,Falnders
Leefdaal,Vlaams-Brabant,Falnders
Leerbeek,Vlaams-Brabant,Falnders
Leernes,Henegouwen,Wallonia
Leers-Et-Fosteau,Henegouwen,Wallonia
Leers-Nord,Henegouwen,Wallonia
Leest,Antwerpen,Falnders
Leeuwergem,Oost-Vlaanderen,Falnders
Leffinge,West-Vlaanderen,Falnders
Leignon,Namen,Wallonia
Leisele,West-Vlaanderen,Falnders
Leke,West-Vlaanderen,Falnders
Lembeek,Vlaams-Brabant,Falnders
Lembeke,Oost-Vlaanderen,Falnders
Lemberge,Oost-Vlaanderen,Falnders
Lendelede,West-Vlaanderen,Falnders
Lens,Henegouwen,Wallonia
Lens-Saint-Remy,Luik,Wallonia
Lens-Saint-Servais,Luik,Wallonia
Lens-Sur-Geer,Luik,Wallonia
Leopoldsburg,Limburg,Falnders
Les Avins,Luik,Wallonia
Les Bulles,Luxemburg,Wallonia
Les Hayons,Luxemburg,Wallonia
Les Waleffes,Luik,Wallonia
Lesdain,Henegouwen,Wallonia
Lessines,Henegouwen,Wallonia
Lessive,Namen,Wallonia
Lesterny,Luxemburg,Wallonia
Lesve,Namen,Wallonia
Lettelingen,Henegouwen,Wallonia
Letterhoutem,Oost-Vlaanderen,Falnders
Leugnies,Henegouwen,Wallonia
Leupegem,Oost-Vlaanderen,Falnders
Leut,Limburg,Falnders
Leuven,Vlaams-Brabant,Falnders
Leuze,Namen,Wallonia
Leuze-en-hainaut,Henegouwen,Wallonia
Leval-Chaudeville,Henegouwen,Wallonia
Leval-Trahegnies,Henegouwen,Wallonia
Liberchies,Henegouwen,Wallonia
Libin,Luxemburg,Wallonia
Libramont-chevigny,Luxemburg,Wallonia
Lichtaart,Antwerpen,Falnders
Lichtervelde,West-Vlaanderen,Falnders
Liedekerke,Vlaams-Brabant,Falnders
Lieferinge,Oost-Vlaanderen,Falnders
Lier,Antwerpen,Falnders
Lierneux,Luik,Wallonia
Liernu,Namen,Wallonia
Liers,Luik,Wallonia
Liezele,Antwerpen,Falnders
Ligne,Henegouwen,Wallonia
Ligney,Luik,Wallonia
Ligny,Namen,Wallonia
Lille,Antwerpen,Falnders
Lillo,Antwerpen,Falnders
Lillois-Witterzée,Waals-Brabant,Wallonia
Limal,Waals-Brabant,Wallonia
Limbourg,Luik,Wallonia
Limelette,Waals-Brabant,Wallonia
Limerlé,Luxemburg,Wallonia
Limont,Luik,Wallonia
Lincent,Luik,Wallonia
Linden,Vlaams-Brabant,Falnders
Linkebeek,Vlaams-Brabant,Falnders
Linkhout,Limburg,Falnders
Linsmeau,Waals-Brabant,Wallonia
Lint,Antwerpen,Falnders
Linter,Vlaams-Brabant,Falnders
Lippelo,Antwerpen,Falnders
Lisogne,Namen,Wallonia
Lissewege,West-Vlaanderen,Falnders
Lives-Sur-Meuse,Namen,Wallonia
Lixhe,Luik,Wallonia
Liège,Luik,Wallonia
Liège,Luik,Wallonia
Lo,West-Vlaanderen,Falnders
Lobbes,Henegouwen,Wallonia
Lochristi,Oost-Vlaanderen,Falnders
Lodelinsart,Henegouwen,Wallonia
Loenhout,Antwerpen,Falnders
Loker,West-Vlaanderen,Falnders
Lokeren,Oost-Vlaanderen,Falnders
Loksbergen,Limburg,Falnders
Lombardsijde,West-Vlaanderen,Falnders
Lombise,Henegouwen,Wallonia
Lommel,Limburg,Falnders
Lommersweiler,Luik,Wallonia
Lompret,Henegouwen,Wallonia
Lomprez,Luxemburg,Wallonia
Loncin,Luik,Wallonia
Londerzeel,Vlaams-Brabant,Falnders
Longchamps,Namen,Wallonia
Longchamps,Luxemburg,Wallonia
Longlier,Luxemburg,Wallonia
Longueville,Waals-Brabant,Wallonia
Longvilly,Luxemburg,Wallonia
Lontzen,Luik,Wallonia
Lonzée,Namen,Wallonia
Loonbeek,Vlaams-Brabant,Falnders
Loppem,West-Vlaanderen,Falnders
Lorcé,Luik,Wallonia
Lot,Vlaams-Brabant,Falnders
Lotenhulle,Oost-Vlaanderen,Falnders
Louette-Saint-Denis,Namen,Wallonia
Louette-Saint-Pierre,Namen,Wallonia
Loupoigne,Waals-Brabant,Wallonia
Louvain-La-Neuve,Waals-Brabant,Wallonia
Louveigné,Luik,Wallonia
Louveigné,Luik,Wallonia
Lovendegem,Oost-Vlaanderen,Falnders
Lovenjoel,Vlaams-Brabant,Falnders
Loverval,Henegouwen,Wallonia
Loyers,Namen,Wallonia
Lubbeek,Vlaams-Brabant,Falnders
Luingne,Henegouwen,Wallonia
Lummen,Limburg,Falnders
Lustin,Namen,Wallonia
Luttre,Henegouwen,Wallonia
Léglise,Luxemburg,Wallonia
Maarke-Kerkem,Oost-Vlaanderen,Falnders
Maaseik,Limburg,Falnders
Maasmechelen,Limburg,Falnders
Mabompré,Luxemburg,Wallonia
Machelen,Vlaams-Brabant,Falnders
Machelen,Oost-Vlaanderen,Falnders
Macon,Henegouwen,Wallonia
Macquenoise,Henegouwen,Wallonia
Maffe,Namen,Wallonia
Maffle,Henegouwen,Wallonia
Magnée,Luik,Wallonia
Maillen,Namen,Wallonia
Mainvault,Henegouwen,Wallonia
Maisières,Henegouwen,Wallonia
Maissin,Luxemburg,Wallonia
Maizeret,Namen,Wallonia
Mal,Limburg,Falnders
Maldegem,Oost-Vlaanderen,Falnders
Malderen,Vlaams-Brabant,Falnders
Malempré,Luxemburg,Wallonia
Malle,Antwerpen,Falnders
Malmedy,Luik,Wallonia
Malonne,Namen,Wallonia
Malvoisin,Namen,Wallonia
Malèves-Sainte-Marie-Wastines,Waals-Brabant,Wallonia
Manage,Henegouwen,Wallonia
Manderfeld,Luik,Wallonia
Mannekensvere,West-Vlaanderen,Falnders
Maransart,Waals-Brabant,Wallonia
Marbais,Waals-Brabant,Wallonia
Marbaix,Henegouwen,Wallonia
Marche-Les-Dames,Namen,Wallonia
Marche-Lez-Ecaussinnes,Henegouwen,Wallonia
Marche-en-famenne,Luxemburg,Wallonia
Marchienne-Au-Pont,Henegouwen,Wallonia
Marchin,Luik,Wallonia
Marchipont,Henegouwen,Wallonia
Marchovelette,Namen,Wallonia
Marcinelle,Henegouwen,Wallonia
Marcourt,Luxemburg,Wallonia
Marenne,Luxemburg,Wallonia
Mariakerke,Oost-Vlaanderen,Falnders
Mariekerke,Antwerpen,Falnders
Mariembourg,Namen,Wallonia
Marilles,Waals-Brabant,Wallonia
Mark,Henegouwen,Wallonia
Marke,West-Vlaanderen,Falnders
Markegem,West-Vlaanderen,Falnders
Marneffe,Luik,Wallonia
Marquain,Henegouwen,Wallonia
Martelange,Luxemburg,Wallonia
Martenslinde,Limburg,Falnders
Martouzin-Neuville,Namen,Wallonia
Masbourg,Luxemburg,Wallonia
Masnuy-Saint-Jean,Henegouwen,Wallonia
Masnuy-Saint-Pierre,Henegouwen,Wallonia
Massemen,Oost-Vlaanderen,Falnders
Massenhoven,Antwerpen,Falnders
Matagne-La-Grande,Namen,Wallonia
Matagne-La-Petite,Namen,Wallonia
Mater,Oost-Vlaanderen,Falnders
Maubray,Henegouwen,Wallonia
Maulde,Henegouwen,Wallonia
Maurage,Henegouwen,Wallonia
Mazenzele,Vlaams-Brabant,Falnders
Mazy,Namen,Wallonia
Mazée,Namen,Wallonia
Mechelen,Antwerpen,Falnders
Mechelen-Aan-De-Maas,Limburg,Falnders
Mechelen-Bovelingen,Limburg,Falnders
Meeffe,Luik,Wallonia
Meensel-Kiezegem,Vlaams-Brabant,Falnders
Meer,Antwerpen,Falnders
Meerbeek,Vlaams-Brabant,Falnders
Meerbeke,Oost-Vlaanderen,Falnders
Meerdonk,Oost-Vlaanderen,Falnders
Meerhout,Antwerpen,Falnders
Meerle,Antwerpen,Falnders
Meeswijk,Limburg,Falnders
Meetkerke,West-Vlaanderen,Falnders
Meeuwen,Limburg,Falnders
Mehaigne,Namen,Wallonia
Meigem,Oost-Vlaanderen,Falnders
Meilegem,Oost-Vlaanderen,Falnders
Meise,Vlaams-Brabant,Falnders
Meix-Le-Tige,Luxemburg,Wallonia
Meix-devant-virton,Luxemburg,Wallonia
Melden,Oost-Vlaanderen,Falnders
Meldert,Vlaams-Brabant,Falnders
Meldert,Limburg,Falnders
Meldert,Oost-Vlaanderen,Falnders
Melen,Luik,Wallonia
Melkwezer,Vlaams-Brabant,Falnders
Melle,Oost-Vlaanderen,Falnders
Mellery,Waals-Brabant,Wallonia
Melles,Henegouwen,Wallonia
Mellet,Henegouwen,Wallonia
Mellier,Luxemburg,Wallonia
Melsbroek,Vlaams-Brabant,Falnders
Melsele,Oost-Vlaanderen,Falnders
Melsen,Oost-Vlaanderen,Falnders
Membach,Luik,Wallonia
Membre,Namen,Wallonia
Membruggen,Limburg,Falnders
Mendonk,Oost-Vlaanderen,Falnders
Menen,West-Vlaanderen,Falnders
Merbes-Sainte-Marie,Henegouwen,Wallonia
Merbes-le-château,Henegouwen,Wallonia
Merchtem,Vlaams-Brabant,Falnders
Merdorp,Luik,Wallonia
Mere,Oost-Vlaanderen,Falnders
Merelbeke,Oost-Vlaanderen,Falnders
Merendree,Oost-Vlaanderen,Falnders
Merkem,West-Vlaanderen,Falnders
Merksem,Antwerpen,Falnders
Merksplas,Antwerpen,Falnders
Merlemont,Namen,Wallonia
Mesen,West-Vlaanderen,Falnders
Meslin-L'Evêque,Henegouwen,Wallonia
Mesnil-Eglise,Namen,Wallonia
Mesnil-Saint-Blaise,Namen,Wallonia
Mespelare,Oost-Vlaanderen,Falnders
Messancy,Luxemburg,Wallonia
Messelbroek,Vlaams-Brabant,Falnders
Mesvin,Henegouwen,Wallonia
Mettekoven,Limburg,Falnders
Mettet,Namen,Wallonia
Meulebeke,West-Vlaanderen,Falnders
Meux,Namen,Wallonia
Meyerode,Luik,Wallonia
Michelbeke,Oost-Vlaanderen,Falnders
Micheroux,Luik,Wallonia
Middelburg,Oost-Vlaanderen,Falnders
Middelkerke,West-Vlaanderen,Falnders
Mielen-Boven-Aalst,Limburg,Falnders
Mignault,Henegouwen,Wallonia
Millen,Limburg,Falnders
Milmort,Luik,Wallonia
Minderhout,Antwerpen,Falnders
Mirwart,Luxemburg,Wallonia
Miécret,Namen,Wallonia
Modave,Luik,Wallonia
Moelingen,Limburg,Falnders
Moen,West-Vlaanderen,Falnders
Moerbeke,Oost-Vlaanderen,Falnders
Moerbeke-waas,Oost-Vlaanderen,Falnders
Moere,West-Vlaanderen,Falnders
Moerkerke,West-Vlaanderen,Falnders
Moerzeke,Oost-Vlaanderen,Falnders
Moeskroen,Henegouwen,Wallonia
Moha,Luik,Wallonia
Mohiville,Namen,Wallonia
Moignelée,Namen,Wallonia
Moircy,Luxemburg,Wallonia
Mol,Antwerpen,Falnders
Molenbaix,Henegouwen,Wallonia
Molenbeek-Wersbeek,Vlaams-Brabant,Falnders
Molenbeersel,Limburg,Falnders
Molenstede,Vlaams-Brabant,Falnders
Mollem,Vlaams-Brabant,Falnders
Momalle,Luik,Wallonia
Momignies,Henegouwen,Wallonia
Monceau-En-Ardenne,Namen,Wallonia
Monceau-Imbrechies,Henegouwen,Wallonia
Monceau-Sur-Sambre,Henegouwen,Wallonia
Mons,Henegouwen,Wallonia
Mons-Lez-Liège,Luik,Wallonia
Monstreux,Waals-Brabant,Wallonia
Mont,Namen,Wallonia
Mont,Luxemburg,Wallonia
Mont-Gauthier,Namen,Wallonia
Mont-Saint-André,Waals-Brabant,Wallonia
Mont-Saint-Aubert,Henegouwen,Wallonia
Mont-Sainte-Aldegonde,Henegouwen,Wallonia
Mont-Sainte-Geneviève,Henegouwen,Wallonia
Mont-Sur-Marchienne,Henegouwen,Wallonia
Mont-saint-guibert,Waals-Brabant,Wallonia
Montbliart,Henegouwen,Wallonia
Montegnée,Luik,Wallonia
Montenaken,Limburg,Falnders
Montignies-Lez-Lens,Henegouwen,Wallonia
Montignies-Saint-Christophe,Henegouwen,Wallonia
Montignies-Sur-Roc,Henegouwen,Wallonia
Montignies-Sur-Sambre,Henegouwen,Wallonia
Montigny-le-tilleul,Henegouwen,Wallonia
Montleban,Luxemburg,Wallonia
Montroeul-Au-Bois,Henegouwen,Wallonia
Montroeul-Sur-Haine,Henegouwen,Wallonia
Montzen,Luik,Wallonia
Moorsel,Oost-Vlaanderen,Falnders
Moorsele,West-Vlaanderen,Falnders
Moorslede,West-Vlaanderen,Falnders
Moortsele,Oost-Vlaanderen,Falnders
Mopertingen,Limburg,Falnders
Moregem,Oost-Vlaanderen,Falnders
Moresnet,Luik,Wallonia
Morhet,Luxemburg,Wallonia
Morialmé,Namen,Wallonia
Morkhoven,Antwerpen,Falnders
Morlanwelz-Mariemont,Henegouwen,Wallonia
Mormont,Luxemburg,Wallonia
Mornimont,Namen,Wallonia
Mortier,Luik,Wallonia
Mortroux,Luik,Wallonia
Mortsel,Antwerpen,Falnders
Morville,Namen,Wallonia
Moulbaix,Henegouwen,Wallonia
Mourcourt,Henegouwen,Wallonia
Moustier,Henegouwen,Wallonia
Moustier-Sur-Sambre,Namen,Wallonia
Mouzaive,Namen,Wallonia
Moxhe,Luik,Wallonia
Mozet,Namen,Wallonia
Muizen,Antwerpen,Falnders
Muizen,Limburg,Falnders
Mullem,Oost-Vlaanderen,Falnders
Munkzwalm,Oost-Vlaanderen,Falnders
Muno,Luxemburg,Wallonia
Munsterbilzen,Limburg,Falnders
Munte,Oost-Vlaanderen,Falnders
Musson,Luxemburg,Wallonia
Mussy-La-Ville,Luxemburg,Wallonia
My,Luik,Wallonia
Méan,Namen,Wallonia
Mélin,Waals-Brabant,Wallonia
Mévergnies-Lez-Lens,Henegouwen,Wallonia
Naast,Henegouwen,Wallonia
Nadrin,Luxemburg,Wallonia
Nafraiture,Namen,Wallonia
Nalinnes,Henegouwen,Wallonia
Namur,Namen,Wallonia
Namêche,Namen,Wallonia
Nandrin,Luik,Wallonia
Naninne,Namen,Wallonia
Naomé,Namen,Wallonia
Nassogne,Luxemburg,Wallonia
Natoye,Namen,Wallonia
Nazareth,Oost-Vlaanderen,Falnders
Neder-Over-Heembeek,Brussel,Brussel
Nederboelare,Oost-Vlaanderen,Falnders
Nederbrakel,Oost-Vlaanderen,Falnders
Nederename,Oost-Vlaanderen,Falnders
Nederhasselt,Oost-Vlaanderen,Falnders
Nederokkerzeel,Vlaams-Brabant,Falnders
Nederzwalm-Hermelgem,Oost-Vlaanderen,Falnders
Neerglabbeek,Limburg,Falnders
Neerharen,Limburg,Falnders
Neerhespen,Vlaams-Brabant,Falnders
Neerheylissem,Waals-Brabant,Wallonia
Neerijse,Vlaams-Brabant,Falnders
Neerlanden,Vlaams-Brabant,Falnders
Neerlinter,Vlaams-Brabant,Falnders
Neeroeteren,Limburg,Falnders
Neerpelt,Limburg,Falnders
Neerrepen,Limburg,Falnders
Neervelp,Vlaams-Brabant,Falnders
Neerwaasten,Henegouwen,Wallonia
Neerwinden,Vlaams-Brabant,Falnders
Neigem,Oost-Vlaanderen,Falnders
Nerem,Limburg,Falnders
Nessonvaux,Luik,Wallonia
Nethen,Waals-Brabant,Wallonia
Nettinne,Namen,Wallonia
Neu-Moresnet,Luik,Wallonia
Neufchâteau,Luik,Wallonia
Neufchâteau,Luxemburg,Wallonia
Neufmaison,Henegouwen,Wallonia
Neufvilles,Henegouwen,Wallonia
Neuville,Namen,Wallonia
Neuville-En-Condroz,Luik,Wallonia
Nevele,Oost-Vlaanderen,Falnders
Niel,Antwerpen,Falnders
Niel-Bij-As,Limburg,Falnders
Niel-Bij-Sint-Truiden,Limburg,Falnders
Nieuwenhove,Oost-Vlaanderen,Falnders
Nieuwenrode,Vlaams-Brabant,Falnders
Nieuwerkerken,Limburg,Falnders
Nieuwerkerken,Oost-Vlaanderen,Falnders
Nieuwkapelle,West-Vlaanderen,Falnders
Nieuwkerke,West-Vlaanderen,Falnders
Nieuwkerken-Waas,Oost-Vlaanderen,Falnders
Nieuwmunster,West-Vlaanderen,Falnders
Nieuwpoort,West-Vlaanderen,Falnders
Nieuwrode,Vlaams-Brabant,Falnders
Nijlen,Antwerpen,Falnders
Nil-Saint-Vincent-Saint-Martin,Waals-Brabant,Wallonia
Nimy,Henegouwen,Wallonia
Ninove,Oost-Vlaanderen,Falnders
Nismes,Namen,Wallonia
Nivelles,Waals-Brabant,Wallonia
Niverlée,Namen,Wallonia
Nives,Luxemburg,Wallonia
Nobressart,Luxemburg,Wallonia
Nodebais,Waals-Brabant,Wallonia
Noduwez,Waals-Brabant,Wallonia
Noirchain,Henegouwen,Wallonia
Noirefontaine,Luxemburg,Wallonia
Noiseux,Namen,Wallonia
Nokere,Oost-Vlaanderen,Falnders
Nollevaux,Luxemburg,Wallonia
Noorderwijk,Antwerpen,Falnders
Noordschote,West-Vlaanderen,Falnders
Nossegem,Vlaams-Brabant,Falnders
Nothomb,Luxemburg,Wallonia
Nouvelles,Henegouwen,Wallonia
Noville,Luik,Wallonia
Noville,Luxemburg,Wallonia
Noville-Les-Bois,Namen,Wallonia
Noville-Sur-Méhaigne,Namen,Wallonia
Nukerke,Oost-Vlaanderen,Falnders
Néchin,Henegouwen,Wallonia
Obaix,Henegouwen,Wallonia
Obigies,Henegouwen,Wallonia
Obourg,Henegouwen,Wallonia
Ochamps,Luxemburg,Wallonia
Ocquier,Luik,Wallonia
Odeigne,Luxemburg,Wallonia
Odeur,Luik,Wallonia
Oedelem,West-Vlaanderen,Falnders
Oekene,West-Vlaanderen,Falnders
Oelegem,Antwerpen,Falnders
Oeren,West-Vlaanderen,Falnders
Oeselgem,West-Vlaanderen,Falnders
Oetingen,Vlaams-Brabant,Falnders
Oeudeghien,Henegouwen,Wallonia
Oevel,Antwerpen,Falnders
Offagne,Luxemburg,Wallonia
Ogy,Henegouwen,Wallonia
Ohain,Waals-Brabant,Wallonia
Ohey,Namen,Wallonia
Oignies-En-Thiérache,Namen,Wallonia
Oisquercq,Waals-Brabant,Wallonia
Oizy,Namen,Wallonia
Okegem,Oost-Vlaanderen,Falnders
Olen,Antwerpen,Falnders
Oleye,Luik,Wallonia
Ollignies,Henegouwen,Wallonia
Olloy-Sur-Viroin,Namen,Wallonia
Olmen,Antwerpen,Falnders
Olne,Luik,Wallonia
Olsene,Oost-Vlaanderen,Falnders
Omal,Luik,Wallonia
Ombret,Luik,Wallonia
Omezée,Namen,Wallonia
On,Luxemburg,Wallonia
Onhaye,Namen,Wallonia
Onkerzele,Oost-Vlaanderen,Falnders
Onnezies,Henegouwen,Wallonia
Onoz,Namen,Wallonia
Onze-Lieve-Vrouw-Lombeek,Vlaams-Brabant,Falnders
Onze-Lieve-Vrouw-Waver,Antwerpen,Falnders
Ooigem,West-Vlaanderen,Falnders
Ooike,Oost-Vlaanderen,Falnders
Ooike,Oost-Vlaanderen,Falnders
Oombergen,Oost-Vlaanderen,Falnders
Oombergen,Oost-Vlaanderen,Falnders
Oorbeek,Vlaams-Brabant,Falnders
Oordegem,Oost-Vlaanderen,Falnders
Oostakker,Oost-Vlaanderen,Falnders
Oostduinkerke,West-Vlaanderen,Falnders
Oosteeklo,Oost-Vlaanderen,Falnders
Oostende,West-Vlaanderen,Falnders
Oosterzele,Oost-Vlaanderen,Falnders
Oostham,Limburg,Falnders
Oostkamp,West-Vlaanderen,Falnders
Oostkerke,West-Vlaanderen,Falnders
Oostkerke,West-Vlaanderen,Falnders
Oostmalle,Antwerpen,Falnders
Oostnieuwkerke,West-Vlaanderen,Falnders
Oostrozebeke,West-Vlaanderen,Falnders
Oostvleteren,West-Vlaanderen,Falnders
Oostwinkel,Oost-Vlaanderen,Falnders
Opbrakel,Oost-Vlaanderen,Falnders
Opdorp,Oost-Vlaanderen,Falnders
Opglabbeek,Limburg,Falnders
Opgrimbie,Limburg,Falnders
Ophain-Bois-Seigneur-Isaac,Waals-Brabant,Wallonia
Ophasselt,Oost-Vlaanderen,Falnders
Opheers,Limburg,Falnders
Opheylissem,Waals-Brabant,Wallonia
Ophoven,Limburg,Falnders
Opitter,Limburg,Falnders
Oplinter,Vlaams-Brabant,Falnders
Opoeteren,Limburg,Falnders
Opont,Luxemburg,Wallonia
Opprebais,Waals-Brabant,Wallonia
Oppuurs,Antwerpen,Falnders
Opvelp,Vlaams-Brabant,Falnders
Opwijk,Vlaams-Brabant,Falnders
Orbais,Waals-Brabant,Wallonia
Orchimont,Namen,Wallonia
Orcq,Henegouwen,Wallonia
Ordingen,Limburg,Falnders
Oret,Namen,Wallonia
Oreye,Luik,Wallonia
Orgeo,Luxemburg,Wallonia
Ormeignies,Henegouwen,Wallonia
Orp-Le-Grand,Waals-Brabant,Wallonia
Orroir,Henegouwen,Wallonia
Orsmaal-Gussenhoven,Vlaams-Brabant,Falnders
Ortho,Luxemburg,Wallonia
Ostiches,Henegouwen,Wallonia
Otegem,West-Vlaanderen,Falnders
Oteppe,Luik,Wallonia
Othée,Luik,Wallonia
Otrange,Luik,Wallonia
Ottenburg,Vlaams-Brabant,Falnders
Ottergem,Oost-Vlaanderen,Falnders
Ottignies,Waals-Brabant,Wallonia
Oud-heverlee,Vlaams-Brabant,Falnders
Oud-turnhout,Antwerpen,Falnders
Oudegem,Oost-Vlaanderen,Falnders
Oudekapelle,West-Vlaanderen,Falnders
Oudenaarde,Oost-Vlaanderen,Falnders
Oudenaken,Vlaams-Brabant,Falnders
Oudenburg,West-Vlaanderen,Falnders
Oudergem,Brussel,Brussel
Ouffet,Luik,Wallonia
Ougrée,Luik,Wallonia
Oupeye,Luik,Wallonia
Outer,Oost-Vlaanderen,Falnders
Outgaarden,Vlaams-Brabant,Falnders
Outrelouxhe,Luik,Wallonia
Outrijve,West-Vlaanderen,Falnders
Ouwegem,Oost-Vlaanderen,Falnders
Overboelare,Oost-Vlaanderen,Falnders
Overhespen,Vlaams-Brabant,Falnders
Overijse,Vlaams-Brabant,Falnders
Overmere,Oost-Vlaanderen,Falnders
Overpelt,Limburg,Falnders
Overrepen,Limburg,Falnders
Overwinden,Vlaams-Brabant,Falnders
Paal,Limburg,Falnders
Paifve,Luik,Wallonia
Pailhe,Luik,Wallonia
Paliseul,Luxemburg,Wallonia
Pamel,Vlaams-Brabant,Falnders
Papignies,Henegouwen,Wallonia
Parike,Oost-Vlaanderen,Falnders
Passendale,West-Vlaanderen,Falnders
Patignies,Namen,Wallonia
Paturages,Henegouwen,Wallonia
Paulatem,Oost-Vlaanderen,Falnders
Pecq,Henegouwen,Wallonia
Peer,Limburg,Falnders
Peissant,Henegouwen,Wallonia
Pellaines,Luik,Wallonia
Pellenberg,Vlaams-Brabant,Falnders
Pepingen,Vlaams-Brabant,Falnders
Pepinster,Luik,Wallonia
Perk,Vlaams-Brabant,Falnders
Pervijze,West-Vlaanderen,Falnders
Perwez,Waals-Brabant,Wallonia
Perwez-Haillot,Namen,Wallonia
Pesche,Namen,Wallonia
Pessoux,Namen,Wallonia
Petegem-Aan-De-Leie,Oost-Vlaanderen,Falnders
Petegem-Aan-De-Schelde,Oost-Vlaanderen,Falnders
Petigny,Namen,Wallonia
Petit-Fays,Namen,Wallonia
Petit-Hallet,Luik,Wallonia
Petit-Rechain,Luik,Wallonia
Petit-Roeulx-Lez-Braine,Henegouwen,Wallonia
Petit-Roeulx-Lez-Nivelles,Henegouwen,Wallonia
Petit-Thier,Luxemburg,Wallonia
Petite-Chapelle,Namen,Wallonia
Peutie,Vlaams-Brabant,Falnders
Philippeville,Namen,Wallonia
Pipaix,Henegouwen,Wallonia
Piringen,Limburg,Falnders
Pironchamps,Henegouwen,Wallonia
Pittem,West-Vlaanderen,Falnders
Piètrebais,Waals-Brabant,Wallonia
Piéton,Henegouwen,Wallonia
Piétrain,Waals-Brabant,Wallonia
Plainevaux,Luik,Wallonia
Plancenoit,Waals-Brabant,Wallonia
Ploegsteert,Henegouwen,Wallonia
Poederlee,Antwerpen,Falnders
Poeke,Oost-Vlaanderen,Falnders
Poelkapelle,West-Vlaanderen,Falnders
Poesele,Oost-Vlaanderen,Falnders
Pollare,Oost-Vlaanderen,Falnders
Polleur,Luik,Wallonia
Polleur,Luik,Wallonia
Pollinkhove,West-Vlaanderen,Falnders
Pommeroeul,Henegouwen,Wallonia
Pondrôme,Namen,Wallonia
Pont-De-Loup,Henegouwen,Wallonia
Pont-à-celles,Henegouwen,Wallonia
Pontillas,Namen,Wallonia
Poperinge,West-Vlaanderen,Falnders
Poppel,Antwerpen,Falnders
Popuelles,Henegouwen,Wallonia
Porcheresse,Namen,Wallonia
Porcheresse,Luxemburg,Wallonia
Pottes,Henegouwen,Wallonia
Poucet,Luik,Wallonia
Poulseur,Luik,Wallonia
Poupehan,Luxemburg,Wallonia
Pousset,Luik,Wallonia
Presgaux,Namen,Wallonia
Presles,Henegouwen,Wallonia
Profondeville,Namen,Wallonia
Proven,West-Vlaanderen,Falnders
Pry,Namen,Wallonia
Pulderbos,Antwerpen,Falnders
Pulle,Antwerpen,Falnders
Purnode,Namen,Wallonia
Pussemange,Namen,Wallonia
Putte,Antwerpen,Falnders
Puurs,Antwerpen,Falnders
Péronnes-Lez-Antoing,Henegouwen,Wallonia
Péronnes-Lez-Binche,Henegouwen,Wallonia
Péruwelz,Henegouwen,Wallonia
Quaregnon,Henegouwen,Wallonia
Quartes,Henegouwen,Wallonia
Quenast,Waals-Brabant,Wallonia
Queue-Du-Bois,Luik,Wallonia
Quevaucamps,Henegouwen,Wallonia
Quiévrain,Henegouwen,Wallonia
Quévy-Le-Grand,Henegouwen,Wallonia
Quévy-Le-Petit,Henegouwen,Wallonia
Rachecourt,Luxemburg,Wallonia
Racour,Luik,Wallonia
Raeren,Luik,Wallonia
Ragnies,Henegouwen,Wallonia
Rahier,Luik,Wallonia
Ramegnies,Henegouwen,Wallonia
Ramegnies-Chin,Henegouwen,Wallonia
Ramelot,Luik,Wallonia
Ramillies,Waals-Brabant,Wallonia
Ramsdonk,Vlaams-Brabant,Falnders
Ramsel,Antwerpen,Falnders
Ramskapelle,West-Vlaanderen,Falnders
Ramskapelle,West-Vlaanderen,Falnders
Rance,Henegouwen,Wallonia
Ransart,Henegouwen,Wallonia
Ransberg,Vlaams-Brabant,Falnders
Ranst,Antwerpen,Falnders
Ravels,Antwerpen,Falnders
Rebaix,Henegouwen,Wallonia
Rebecq-Rognon,Waals-Brabant,Wallonia
Recht,Luik,Wallonia
Recogne,Luxemburg,Wallonia
Redu,Luxemburg,Wallonia
Reet,Antwerpen,Falnders
Rekem,Limburg,Falnders
Rekkem,West-Vlaanderen,Falnders
Relegem,Vlaams-Brabant,Falnders
Remagne,Luxemburg,Wallonia
Remersdaal,Limburg,Falnders
Remicourt,Luik,Wallonia
Rendeux,Luxemburg,Wallonia
Reninge,West-Vlaanderen,Falnders
Reningelst,West-Vlaanderen,Falnders
Renlies,Henegouwen,Wallonia
Reppel,Limburg,Falnders
Ressaix,Henegouwen,Wallonia
Ressegem,Oost-Vlaanderen,Falnders
Resteigne,Luxemburg,Wallonia
Retie,Antwerpen,Falnders
Retinne,Luik,Wallonia
Reuland,Luik,Wallonia
Rhisnes,Namen,Wallonia
Richelle,Luik,Wallonia
Riemst,Limburg,Falnders
Rienne,Namen,Wallonia
Rijkel,Limburg,Falnders
Rijkevorsel,Antwerpen,Falnders
Rijkhoven,Limburg,Falnders
Rijmenam,Antwerpen,Falnders
Riksingen,Limburg,Falnders
Rillaar,Vlaams-Brabant,Falnders
Rivière,Namen,Wallonia
Rixensart,Waals-Brabant,Wallonia
Rièzes,Henegouwen,Wallonia
Robechies,Henegouwen,Wallonia
Robelmont,Luxemburg,Wallonia
Robertville,Luik,Wallonia
Roborst,Oost-Vlaanderen,Falnders
Rochefort,Namen,Wallonia
Rochehaut,Luxemburg,Wallonia
Rocherath,Luik,Wallonia
Roclenge-Sur-Geer,Luik,Wallonia
Rocourt,Luik,Wallonia
Roesbrugge-Haringe,West-Vlaanderen,Falnders
Roeselare,West-Vlaanderen,Falnders
Rognée,Namen,Wallonia
Roisin,Henegouwen,Wallonia
Roksem,West-Vlaanderen,Falnders
Rollegem,West-Vlaanderen,Falnders
Rollegem-Kapelle,West-Vlaanderen,Falnders
Roloux,Luik,Wallonia
Roly,Namen,Wallonia
Romedenne,Namen,Wallonia
Romershoven,Limburg,Falnders
Romerée,Namen,Wallonia
Romsée,Luik,Wallonia
Rongy,Henegouwen,Wallonia
Ronquières,Henegouwen,Wallonia
Ronse,Oost-Vlaanderen,Falnders
Ronsele,Oost-Vlaanderen,Falnders
Roosbeek,Vlaams-Brabant,Falnders
Roosdaal,Vlaams-Brabant,Falnders
Roselies,Henegouwen,Wallonia
Rosières,Waals-Brabant,Wallonia
Rosmeer,Limburg,Falnders
Rosoux-Crenwick,Luik,Wallonia
Rossignol,Luxemburg,Wallonia
Rosée,Namen,Wallonia
Rotem,Limburg,Falnders
Rotheux-Rimière,Luik,Wallonia
Rotselaar,Vlaams-Brabant,Falnders
Roucourt,Henegouwen,Wallonia
Rouveroy,Henegouwen,Wallonia
Rouvreux,Luik,Wallonia
Roux,Henegouwen,Wallonia
Roux-Miroir,Waals-Brabant,Wallonia
Roy,Luxemburg,Wallonia
Rozebeke,Oost-Vlaanderen,Falnders
Ruddervoorde,West-Vlaanderen,Falnders
Ruette,Luxemburg,Wallonia
Ruien,Oost-Vlaanderen,Falnders
Ruisbroek,Vlaams-Brabant,Falnders
Ruisbroek,Antwerpen,Falnders
Ruiselede,West-Vlaanderen,Falnders
Rukkelingen-Loon,Limburg,Falnders
Rulles,Luxemburg,Wallonia
Rumbeke,West-Vlaanderen,Falnders
Rumes,Henegouwen,Wallonia
Rumillies,Henegouwen,Wallonia
Rummen,Vlaams-Brabant,Falnders
Rumsdorp,Vlaams-Brabant,Falnders
Rumst,Antwerpen,Falnders
Runkelen,Limburg,Falnders
Rupelmonde,Oost-Vlaanderen,Falnders
Russeignies,Henegouwen,Wallonia
Rutten,Limburg,Falnders
Rèves,Henegouwen,Wallonia
S Gravenvoeren,Limburg,Falnders
Saint-Amand,Henegouwen,Wallonia
Saint-André,Luik,Wallonia
Saint-Aubin,Namen,Wallonia
Saint-Denis,Henegouwen,Wallonia
Saint-Denis-Bovesse,Namen,Wallonia
Saint-Germain,Namen,Wallonia
Saint-Gérard,Namen,Wallonia
Saint-Géry,Waals-Brabant,Wallonia
Saint-Jean-Geest,Waals-Brabant,Wallonia
Saint-Léger,Henegouwen,Wallonia
Saint-Marc,Namen,Wallonia
Saint-Mard,Luxemburg,Wallonia
Saint-Martin,Namen,Wallonia
Saint-Maur,Henegouwen,Wallonia
Saint-Médard,Luxemburg,Wallonia
Saint-Pierre,Luxemburg,Wallonia
Saint-Remy,Luik,Wallonia
Saint-Remy,Henegouwen,Wallonia
Saint-Remy-Geest,Waals-Brabant,Wallonia
Saint-Sauveur,Henegouwen,Wallonia
Saint-Servais,Namen,Wallonia
Saint-Symphorien,Henegouwen,Wallonia
Saint-Séverin,Luik,Wallonia
Saint-Vaast,Henegouwen,Wallonia
Saint-Vincent,Luxemburg,Wallonia
Saint-georges-sur-meuse,Luik,Wallonia
Saint-ghislain,Henegouwen,Wallonia
Saint-hubert,Luxemburg,Wallonia
Saint-léger,Luxemburg,Wallonia
Saint-nicolas,Luik,Wallonia
Saint-vith,Luik,Wallonia
Sainte-Cécile,Luxemburg,Wallonia
Sainte-Marie-Chevigny,Luxemburg,Wallonia
Sainte-Marie-Sur-Semois,Luxemburg,Wallonia
Saintes,Waals-Brabant,Wallonia
Saive,Luik,Wallonia
Salles,Henegouwen,Wallonia
Samart,Namen,Wallonia
Samrée,Luxemburg,Wallonia
Sars-La-Bruyère,Henegouwen,Wallonia
Sars-La-Buissière,Henegouwen,Wallonia
Sart-Bernard,Namen,Wallonia
Sart-Custinne,Namen,Wallonia
Sart-Dames-Avelines,Waals-Brabant,Wallonia
Sart-En-Fagne,Namen,Wallonia
Sart-Eustache,Namen,Wallonia
Sart-Lez-Spa,Luik,Wallonia
Sart-Saint-Laurent,Namen,Wallonia
Sautin,Henegouwen,Wallonia
Sautour,Namen,Wallonia
Sauvenière,Namen,Wallonia
Schaarbeek,Brussel,Brussel
Schaffen,Vlaams-Brabant,Falnders
Schalkhoven,Limburg,Falnders
Schaltin,Namen,Wallonia
Schelderode,Oost-Vlaanderen,Falnders
Scheldewindeke,Oost-Vlaanderen,Falnders
Schelle,Antwerpen,Falnders
Schellebelle,Oost-Vlaanderen,Falnders
Schendelbeke,Oost-Vlaanderen,Falnders
Schepdaal,Vlaams-Brabant,Falnders
Scherpenheuvel,Vlaams-Brabant,Falnders
Schilde,Antwerpen,Falnders
Schoenberg,Luik,Wallonia
Schoonaarde,Oost-Vlaanderen,Falnders
Schore,West-Vlaanderen,Falnders
Schorisse,Oost-Vlaanderen,Falnders
Schoten,Antwerpen,Falnders
Schriek,Antwerpen,Falnders
Schuiferskapelle,West-Vlaanderen,Falnders
Schulen,Limburg,Falnders
Sclayn,Namen,Wallonia
Scy,Namen,Wallonia
Seilles,Namen,Wallonia
Seloignes,Henegouwen,Wallonia
Semmerzake,Oost-Vlaanderen,Falnders
Seneffe,Henegouwen,Wallonia
Sensenruth,Luxemburg,Wallonia
Seny,Luik,Wallonia
Senzeille,Namen,Wallonia
Septon,Luxemburg,Wallonia
Seraing,Luik,Wallonia
Seraing-Le-Château,Luik,Wallonia
Serinchamps,Namen,Wallonia
Serskamp,Oost-Vlaanderen,Falnders
Serville,Namen,Wallonia
Sibret,Luxemburg,Wallonia
Signeulx,Luxemburg,Wallonia
Sijsele,West-Vlaanderen,Falnders
Silenrieux,Namen,Wallonia
Silly,Henegouwen,Wallonia
Sinaai-Waas,Oost-Vlaanderen,Falnders
Sinsin,Namen,Wallonia
Sint-Agatha-Rode,Vlaams-Brabant,Falnders
Sint-Amandsberg,Oost-Vlaanderen,Falnders
Sint-Andries,West-Vlaanderen,Falnders
Sint-Antelinks,Oost-Vlaanderen,Falnders
Sint-Baafs-Vijve,West-Vlaanderen,Falnders
Sint-Blasius-Boekel,Oost-Vlaanderen,Falnders
Sint-Denijs,West-Vlaanderen,Falnders
Sint-Denijs-Boekel,Oost-Vlaanderen,Falnders
Sint-Denijs-Westrem,Oost-Vlaanderen,Falnders
Sint-Eloois-Vijve,West-Vlaanderen,Falnders
Sint-Eloois-Winkel,West-Vlaanderen,Falnders
Sint-Gillis-Dendermonde,Oost-Vlaanderen,Falnders
Sint-Goriks-Oudenhove,Oost-Vlaanderen,Falnders
Sint-Huibrechts-Hern,Limburg,Falnders
Sint-Huibrechts-Lille,Limburg,Falnders
Sint-Jacobs-Kapelle,West-Vlaanderen,Falnders
Sint-Jan,West-Vlaanderen,Falnders
Sint-Jan-In-Eremo,Oost-Vlaanderen,Falnders
Sint-Job-In-'T-Goor,Antwerpen,Falnders
Sint-Joost-ten-Node,Brussel,Brussel
Sint-Joris,West-Vlaanderen,Falnders
Sint-Joris,West-Vlaanderen,Falnders
Sint-Joris-Weert,Vlaams-Brabant,Falnders
Sint-Joris-Winge,Vlaams-Brabant,Falnders
Sint-Katherina-Lombeek,Vlaams-Brabant,Falnders
Sint-Kornelis-Horebeke,Oost-Vlaanderen,Falnders
Sint-Kruis,West-Vlaanderen,Falnders
Sint-Kruis-Winkel,Oost-Vlaanderen,Falnders
Sint-Kwintens-Lennik,Vlaams-Brabant,Falnders
Sint-Lambrechts-Herk,Limburg,Falnders
Sint-Laureins-Berchem,Vlaams-Brabant,Falnders
Sint-Lenaarts,Antwerpen,Falnders
Sint-Lievens-Esse,Oost-Vlaanderen,Falnders
Sint-Margriete,Oost-Vlaanderen,Falnders
Sint-Margriete-Houtem,Vlaams-Brabant,Falnders
Sint-Margriete-Houtem,Vlaams-Brabant,Falnders
Sint-Maria-Horebeke,Oost-Vlaanderen,Falnders
Sint-Maria-Latem,Oost-Vlaanderen,Falnders
Sint-Maria-Lierde,Oost-Vlaanderen,Falnders
Sint-Maria-Oudenhove,Oost-Vlaanderen,Falnders
Sint-Maria-Oudenhove,Oost-Vlaanderen,Falnders
Sint-Martens-Bodegem,Vlaams-Brabant,Falnders
Sint-Martens-Leerne,Oost-Vlaanderen,Falnders
Sint-Martens-Lennik,Vlaams-Brabant,Falnders
Sint-Martens-Lierde,Oost-Vlaanderen,Falnders
Sint-Martens-Voeren,Limburg,Falnders
Sint-Michiels,West-Vlaanderen,Falnders
Sint-Pauwels,Oost-Vlaanderen,Falnders
Sint-Pieters-Kapelle,Vlaams-Brabant,Falnders
Sint-Pieters-Kapelle,West-Vlaanderen,Falnders
Sint-Pieters-Rode,Vlaams-Brabant,Falnders
Sint-Pieters-Voeren,Limburg,Falnders
Sint-Rijkers,West-Vlaanderen,Falnders
Sint-Stevens-Woluwe,Vlaams-Brabant,Falnders
Sint-Ulriks-Kapelle,Vlaams-Brabant,Falnders
Sint-agatha-berchem,Brussel,Brussel
Sint-amands,Antwerpen,Falnders
Sint-genesius-rode,Vlaams-Brabant,Falnders
Sint-gillis,Brussel,Brussel
Sint-gillis-waas,Oost-Vlaanderen,Falnders
Sint-jans-molenbeek,Brussel,Brussel
Sint-katelijne-waver,Antwerpen,Falnders
Sint-lambrechts-woluwe,Brussel,Brussel
Sint-laureins,Oost-Vlaanderen,Falnders
Sint-lievens-houtem,Oost-Vlaanderen,Falnders
Sint-martens-latem,Oost-Vlaanderen,Falnders
Sint-niklaas,Oost-Vlaanderen,Falnders
Sint-pieters-leeuw,Vlaams-Brabant,Falnders
Sint-pieters-woluwe,Brussel,Brussel
Sint-truiden,Limburg,Falnders
Sippenaeken,Luik,Wallonia
Sirault,Henegouwen,Wallonia
Sivry,Henegouwen,Wallonia
Sleidinge,Oost-Vlaanderen,Falnders
Slijpe,West-Vlaanderen,Falnders
Slins,Luik,Wallonia
Sluizen,Limburg,Falnders
Smeerebbe-Vloerzegem,Oost-Vlaanderen,Falnders
Smetlede,Oost-Vlaanderen,Falnders
Smuid,Luxemburg,Wallonia
Snaaskerke,West-Vlaanderen,Falnders
Snellegem,West-Vlaanderen,Falnders
Soheit-Tinlot,Luik,Wallonia
Sohier,Luxemburg,Wallonia
Soignies,Henegouwen,Wallonia
Soiron,Luik,Wallonia
Solre-Saint-Géry,Henegouwen,Wallonia
Solre-Sur-Sambre,Henegouwen,Wallonia
Sombreffe,Namen,Wallonia
Somme-leuze,Namen,Wallonia
Sommethonne,Luxemburg,Wallonia
Sommière,Namen,Wallonia
Somzée,Namen,Wallonia
Sorinne-La-Longue,Namen,Wallonia
Sorinnes,Namen,Wallonia
Sorée,Namen,Wallonia
Sosoye,Namen,Wallonia
Sougné-Remouchamps,Luik,Wallonia
Soulme,Namen,Wallonia
Soumagne,Luik,Wallonia
Soumoy,Namen,Wallonia
Sourbrodt,Luik,Wallonia
Souvret,Henegouwen,Wallonia
Sovet,Namen,Wallonia
Soy,Luxemburg,Wallonia
Soye,Namen,Wallonia
Spa,Luik,Wallonia
Spalbeek,Limburg,Falnders
Spiennes,Henegouwen,Wallonia
Spiere,West-Vlaanderen,Falnders
Spontin,Namen,Wallonia
Sprimont,Luik,Wallonia
Spy,Namen,Wallonia
Stabroek,Antwerpen,Falnders
Staden,West-Vlaanderen,Falnders
Stalhille,West-Vlaanderen,Falnders
Stambruges,Henegouwen,Wallonia
Stave,Namen,Wallonia
Stavele,West-Vlaanderen,Falnders
Stavelot,Luik,Wallonia
Steendorp,Oost-Vlaanderen,Falnders
Steenhuffel,Vlaams-Brabant,Falnders
Steenhuize-Wijnhuize,Oost-Vlaanderen,Falnders
Steenkerke,West-Vlaanderen,Falnders
Steenkerque,Henegouwen,Wallonia
Steenokkerzeel,Vlaams-Brabant,Falnders
Stekene,Oost-Vlaanderen,Falnders
Stembert,Luik,Wallonia
Stene,West-Vlaanderen,Falnders
Sterrebeek,Vlaams-Brabant,Falnders
Stevoort,Limburg,Falnders
Stokkem,Limburg,Falnders
Stokrooie,Limburg,Falnders
Stoumont,Luik,Wallonia
Straimont,Luxemburg,Wallonia
Strijpen,Oost-Vlaanderen,Falnders
Strijtem,Vlaams-Brabant,Falnders
Strombeek-Bever,Vlaams-Brabant,Falnders
Strée,Henegouwen,Wallonia
Strée-Lez-Huy,Luik,Wallonia
Strépy-Bracquegnies,Henegouwen,Wallonia
Stuivekenskerke,West-Vlaanderen,Falnders
Suarlée,Namen,Wallonia
Sugny,Namen,Wallonia
Surice,Namen,Wallonia
Suxy,Luxemburg,Wallonia
Sélange,Luxemburg,Wallonia
Tailles,Luxemburg,Wallonia
Taintignies,Henegouwen,Wallonia
Tamines,Namen,Wallonia
Tarcienne,Namen,Wallonia
Tavier,Luik,Wallonia
Taviers,Namen,Wallonia
Tavigny,Luxemburg,Wallonia
Tellin,Luxemburg,Wallonia
Templeuve,Henegouwen,Wallonia
Temploux,Namen,Wallonia
Temse,Oost-Vlaanderen,Falnders
Tenneville,Luxemburg,Wallonia
Teralfene,Vlaams-Brabant,Falnders
Terhagen,Antwerpen,Falnders
Termes,Luxemburg,Wallonia
Ternat,Vlaams-Brabant,Falnders
Tertre,Henegouwen,Wallonia
Tervuren,Vlaams-Brabant,Falnders
Terwagne,Luik,Wallonia
Tessenderlo,Limburg,Falnders
Testelt,Vlaams-Brabant,Falnders
Teuven,Limburg,Falnders
Theux,Luik,Wallonia
Thiaumont,Luxemburg,Wallonia
Thieu,Henegouwen,Wallonia
Thieulain,Henegouwen,Wallonia
Thieusies,Henegouwen,Wallonia
Thimister,Luik,Wallonia
Thimougies,Henegouwen,Wallonia
Thiméon,Henegouwen,Wallonia
Thines,Waals-Brabant,Wallonia
Thirimont,Henegouwen,Wallonia
Thisnes,Luik,Wallonia
Thommen,Luik,Wallonia
Thon,Namen,Wallonia
Thorembais-Les-Béguines,Waals-Brabant,Wallonia
Thorembais-Saint-Trond,Waals-Brabant,Wallonia
Thoricourt,Henegouwen,Wallonia
Thuillies,Henegouwen,Wallonia
Thuin,Henegouwen,Wallonia
Thulin,Henegouwen,Wallonia
Thumaide,Henegouwen,Wallonia
Thy-Le-Baudouin,Namen,Wallonia
Thy-Le-Château,Namen,Wallonia
Thynes,Namen,Wallonia
Thys,Luik,Wallonia
Tiegem,West-Vlaanderen,Falnders
Tielen,Antwerpen,Falnders
Tielrode,Oost-Vlaanderen,Falnders
Tielt,Vlaams-Brabant,Falnders
Tielt,West-Vlaanderen,Falnders
Tienen,Vlaams-Brabant,Falnders
Tignée,Luik,Wallonia
Tihange,Luik,Wallonia
Tildonk,Vlaams-Brabant,Falnders
Tilff,Luik,Wallonia
Tillet,Luxemburg,Wallonia
Tilleur,Luik,Wallonia
Tillier,Namen,Wallonia
Tilly,Waals-Brabant,Wallonia
Tinlot,Luik,Wallonia
Tintange,Luxemburg,Wallonia
Tintigny,Luxemburg,Wallonia
Tisselt,Antwerpen,Falnders
Toernich,Luxemburg,Wallonia
Tohogne,Luxemburg,Wallonia
Tollembeek,Vlaams-Brabant,Falnders
Tongeren,Limburg,Falnders
Tongerlo,Antwerpen,Falnders
Tongerlo,Limburg,Falnders
Tongre-Notre-Dame,Henegouwen,Wallonia
Tongre-Saint-Martin,Henegouwen,Wallonia
Tongrinne,Namen,Wallonia
Tontelange,Luxemburg,Wallonia
Torgny,Luxemburg,Wallonia
Torhout,West-Vlaanderen,Falnders
Tourinne,Luik,Wallonia
Tourinnes-La-Grosse,Waals-Brabant,Wallonia
Tourinnes-Saint-Lambert,Waals-Brabant,Wallonia
Tournai,Henegouwen,Wallonia
Tournay,Luxemburg,Wallonia
Tourpes,Henegouwen,Wallonia
Transinne,Luxemburg,Wallonia
Trazegnies,Henegouwen,Wallonia
Treignes,Namen,Wallonia
Trembleur,Luik,Wallonia
Tremelo,Vlaams-Brabant,Falnders
Trivières,Henegouwen,Wallonia
Trognée,Luik,Wallonia
Trois-ponts,Luik,Wallonia
Tubize,Waals-Brabant,Wallonia
Turnhout,Antwerpen,Falnders
Ucimont,Luxemburg,Wallonia
Uikhoven,Limburg,Falnders
Uitbergen,Oost-Vlaanderen,Falnders
Uitkerke,West-Vlaanderen,Falnders
Ukkel,Brussel,Brussel
Ulbeek,Limburg,Falnders
Upigny,Namen,Wallonia
Ursel,Oost-Vlaanderen,Falnders
Vaalbeek,Vlaams-Brabant,Falnders
Val-Meer,Limburg,Falnders
Vance,Luxemburg,Wallonia
Varendonk,Antwerpen,Falnders
Varsenare,West-Vlaanderen,Falnders
Vaucelles,Namen,Wallonia
Vaulx,Henegouwen,Wallonia
Vaulx-Lez-Chimay,Henegouwen,Wallonia
Vaux-Chavanne,Luxemburg,Wallonia
Vaux-Et-Borset,Luik,Wallonia
Vaux-Lez-Rosières,Luxemburg,Wallonia
Vaux-Sous-Chèvremont,Luik,Wallonia
Vaux-sur-sûre,Luxemburg,Wallonia
Vechmaal,Limburg,Falnders
Vedrin,Namen,Wallonia
Veerle,Antwerpen,Falnders
Velaine-Sur-Sambre,Namen,Wallonia
Velaines,Henegouwen,Wallonia
Veldegem,West-Vlaanderen,Falnders
Veldwezelt,Limburg,Falnders
Vellereille-Le-Sec,Henegouwen,Wallonia
Vellereille-Les-Brayeux,Henegouwen,Wallonia
Velm,Limburg,Falnders
Velroux,Luik,Wallonia
Veltem-Beisem,Vlaams-Brabant,Falnders
Velzeke-Ruddershove,Oost-Vlaanderen,Falnders
Vencimont,Namen,Wallonia
Vergnies,Henegouwen,Wallonia
Verlaine,Luik,Wallonia
Verlée,Namen,Wallonia
Verrebroek,Oost-Vlaanderen,Falnders
Vertrijk,Vlaams-Brabant,Falnders
Verviers,Luik,Wallonia
Vesqueville,Luxemburg,Wallonia
Veulen,Limburg,Falnders
Veurne,West-Vlaanderen,Falnders
Vezin,Namen,Wallonia
Vezon,Henegouwen,Wallonia
Viane,Oost-Vlaanderen,Falnders
Vichte,West-Vlaanderen,Falnders
Vielsalm,Luxemburg,Wallonia
Viemme,Luik,Wallonia
Viersel,Antwerpen,Falnders
Vierset-Barse,Luik,Wallonia
Vierves-Sur-Viroin,Namen,Wallonia
Viesville,Henegouwen,Wallonia
Vieux-Genappe,Waals-Brabant,Wallonia
Vieux-Waleffe,Luik,Wallonia
Vieuxville,Luik,Wallonia
Villance,Luxemburg,Wallonia
Ville-En-Hesbaye,Luik,Wallonia
Ville-Pommeroeul,Henegouwen,Wallonia
Ville-Sur-Haine,Henegouwen,Wallonia
Villerot,Henegouwen,Wallonia
Villers-Aux-Tours,Luik,Wallonia
Villers-Deux-Eglises,Namen,Wallonia
Villers-Devant-Orval,Luxemburg,Wallonia
Villers-En-Fagne,Namen,Wallonia
Villers-L'Evêque,Luik,Wallonia
Villers-La-Bonne-Eau,Luxemburg,Wallonia
Villers-La-Loue,Luxemburg,Wallonia
Villers-La-Tour,Henegouwen,Wallonia
Villers-Le-Gambon,Namen,Wallonia
Villers-Le-Peuplier,Luik,Wallonia
Villers-Le-Temple,Luik,Wallonia
Villers-Lez-Heest,Namen,Wallonia
Villers-Notre-Dame,Henegouwen,Wallonia
Villers-Perwin,Henegouwen,Wallonia
Villers-Poterie,Henegouwen,Wallonia
Villers-Saint-Amand,Henegouwen,Wallonia
Villers-Saint-Ghislain,Henegouwen,Wallonia
Villers-Saint-Siméon,Luik,Wallonia
Villers-Sainte-Gertrude,Luxemburg,Wallonia
Villers-Sur-Lesse,Namen,Wallonia
Villers-Sur-Semois,Luxemburg,Wallonia
Villers-la-ville,Waals-Brabant,Wallonia
Villers-le-bouillet,Luik,Wallonia
Vilvoorde,Vlaams-Brabant,Falnders
Vinalmont,Luik,Wallonia
Vinderhoute,Oost-Vlaanderen,Falnders
Vinkem,West-Vlaanderen,Falnders
Vinkt,Oost-Vlaanderen,Falnders
Virelles,Henegouwen,Wallonia
Virginal-Samme,Waals-Brabant,Wallonia
Virton,Luxemburg,Wallonia
Vissenaken,Vlaams-Brabant,Falnders
Visé,Luik,Wallonia
Vitrival,Namen,Wallonia
Vivegnis,Luik,Wallonia
Vivy,Luxemburg,Wallonia
Vladslo,West-Vlaanderen,Falnders
Vlamertinge,West-Vlaanderen,Falnders
Vlekkem,Oost-Vlaanderen,Falnders
Vlezenbeek,Vlaams-Brabant,Falnders
Vliermaal,Limburg,Falnders
Vliermaalroot,Limburg,Falnders
Vlierzele,Oost-Vlaanderen,Falnders
Vlijtingen,Limburg,Falnders
Vlimmeren,Antwerpen,Falnders
Vlissegem,West-Vlaanderen,Falnders
Vloesberg,Henegouwen,Wallonia
Vodecée,Namen,Wallonia
Vodelée,Namen,Wallonia
Vogenée,Namen,Wallonia
Volkegem,Oost-Vlaanderen,Falnders
Vollezele,Vlaams-Brabant,Falnders
Vonêche,Namen,Wallonia
Voorde,Oost-Vlaanderen,Falnders
Voormezele,West-Vlaanderen,Falnders
Voort,Limburg,Falnders
Voroux-Goreux,Luik,Wallonia
Voroux-Lez-Liers,Luik,Wallonia
Vorselaar,Antwerpen,Falnders
Vorsen,Limburg,Falnders
Vorst,Brussel,Brussel
Vorst,Antwerpen,Falnders
Vosselaar,Antwerpen,Falnders
Vosselare,Oost-Vlaanderen,Falnders
Vossem,Vlaams-Brabant,Falnders
Vottem,Luik,Wallonia
Vrasene,Oost-Vlaanderen,Falnders
Vremde,Antwerpen,Falnders
Vreren,Limburg,Falnders
Vresse-sur-semois,Namen,Wallonia
Vroenhoven,Limburg,Falnders
Vucht,Limburg,Falnders
Vurste,Oost-Vlaanderen,Falnders
Vyle-Et-Tharoul,Luik,Wallonia
Waanrode,Vlaams-Brabant,Falnders
Waarbeke,Oost-Vlaanderen,Falnders
Waardamme,West-Vlaanderen,Falnders
Waarloos,Antwerpen,Falnders
Waarmaarde,West-Vlaanderen,Falnders
Waarschoot,Oost-Vlaanderen,Falnders
Waasmont,Vlaams-Brabant,Falnders
Waasmunster,Oost-Vlaanderen,Falnders
Waasten,Henegouwen,Wallonia
Wachtebeke,Oost-Vlaanderen,Falnders
Wadelincourt,Henegouwen,Wallonia
Wagnelée,Henegouwen,Wallonia
Waha,Luxemburg,Wallonia
Waillet,Namen,Wallonia
Waimes,Luik,Wallonia
Wakken,West-Vlaanderen,Falnders
Walcourt,Namen,Wallonia
Walem,Antwerpen,Falnders
Walhain-Saint-Paul,Waals-Brabant,Wallonia
Walhorn,Luik,Wallonia
Walsbets,Vlaams-Brabant,Falnders
Walshoutem,Vlaams-Brabant,Falnders
Waltwilder,Limburg,Falnders
Wambeek,Vlaams-Brabant,Falnders
Wancennes,Namen,Wallonia
Wandre,Luik,Wallonia
Wanfercée-Baulet,Henegouwen,Wallonia
Wange,Vlaams-Brabant,Falnders
Wangenies,Henegouwen,Wallonia
Wanlin,Namen,Wallonia
Wanne,Luik,Wallonia
Wannebecq,Henegouwen,Wallonia
Wannegem-Lede,Oost-Vlaanderen,Falnders
Wansin,Luik,Wallonia
Wanze,Luik,Wallonia
Wanzele,Oost-Vlaanderen,Falnders
Warchin,Henegouwen,Wallonia
Warcoing,Henegouwen,Wallonia
Wardin,Luxemburg,Wallonia
Waregem,West-Vlaanderen,Falnders
Waremme,Luik,Wallonia
Waret-L'Evêque,Luik,Wallonia
Waret-La-Chaussée,Namen,Wallonia
Warisoulx,Namen,Wallonia
Warnant,Namen,Wallonia
Warnant-Dreye,Luik,Wallonia
Warquignies,Henegouwen,Wallonia
Warsage,Luik,Wallonia
Warzée,Luik,Wallonia
Wasmes,Henegouwen,Wallonia
Wasmes-Audemez-Briffoeil,Henegouwen,Wallonia
Wasmuel,Henegouwen,Wallonia
Wasseiges,Luik,Wallonia
Waterland-Oudeman,Oost-Vlaanderen,Falnders
Waterloo,Waals-Brabant,Wallonia
Watermaal-bosvoorde,Brussel,Brussel
Watervliet,Oost-Vlaanderen,Falnders
Watou,West-Vlaanderen,Falnders
Wattripont,Henegouwen,Wallonia
Waudrez,Henegouwen,Wallonia
Waulsort,Namen,Wallonia
Wauthier-Braine,Waals-Brabant,Wallonia
Wavre,Waals-Brabant,Wallonia
Wavreille,Namen,Wallonia
Wayaux,Henegouwen,Wallonia
Ways,Waals-Brabant,Wallonia
Webbekom,Vlaams-Brabant,Falnders
Wechelderzande,Antwerpen,Falnders
Weelde,Antwerpen,Falnders
Weerde,Vlaams-Brabant,Falnders
Weert,Antwerpen,Falnders
Wegnez,Luik,Wallonia
Weillen,Namen,Wallonia
Welden,Oost-Vlaanderen,Falnders
Welkenraedt,Luik,Wallonia
Welle,Oost-Vlaanderen,Falnders
Wellen,Limburg,Falnders
Wellin,Luxemburg,Wallonia
Wemmel,Vlaams-Brabant,Falnders
Wenduine,West-Vlaanderen,Falnders
Werbomont,Luik,Wallonia
Werchter,Vlaams-Brabant,Falnders
Werken,West-Vlaanderen,Falnders
Werm,Limburg,Falnders
Wervik,West-Vlaanderen,Falnders
Wespelaar,Vlaams-Brabant,Falnders
Westende,West-Vlaanderen,Falnders
Westerlo,Antwerpen,Falnders
Westkapelle,West-Vlaanderen,Falnders
Westkerke,West-Vlaanderen,Falnders
Westmalle,Antwerpen,Falnders
Westmeerbeek,Antwerpen,Falnders
Westouter,West-Vlaanderen,Falnders
Westrem,Oost-Vlaanderen,Falnders
Westrozebeke,West-Vlaanderen,Falnders
Westvleteren,West-Vlaanderen,Falnders
Wetteren,Oost-Vlaanderen,Falnders
Wevelgem,West-Vlaanderen,Falnders
Wez-Velvain,Henegouwen,Wallonia
Wezemaal,Vlaams-Brabant,Falnders
Wezembeek-oppem,Vlaams-Brabant,Falnders
Wezeren,Vlaams-Brabant,Falnders
Wibrin,Luxemburg,Wallonia
Wichelen,Oost-Vlaanderen,Falnders
Widooie,Limburg,Falnders
Wiekevorst,Antwerpen,Falnders
Wielsbeke,West-Vlaanderen,Falnders
Wierde,Namen,Wallonia
Wiers,Henegouwen,Wallonia
Wiesme,Namen,Wallonia
Wieze,Oost-Vlaanderen,Falnders
Wihogne,Luik,Wallonia
Wihéries,Henegouwen,Wallonia
Wijchmaal,Limburg,Falnders
Wijer,Limburg,Falnders
Wijgmaal,Vlaams-Brabant,Falnders
Wijnegem,Antwerpen,Falnders
Wijshagen,Limburg,Falnders
Wijtschate,West-Vlaanderen,Falnders
Wilderen,Limburg,Falnders
Willaupuis,Henegouwen,Wallonia
Willebringen,Vlaams-Brabant,Falnders
Willebroek,Antwerpen,Falnders
Willemeau,Henegouwen,Wallonia
Willerzie,Namen,Wallonia
Wilrijk,Antwerpen,Falnders
Wilsele,Vlaams-Brabant,Falnders
Wilskerke,West-Vlaanderen,Falnders
Wimmertingen,Limburg,Falnders
Winenne,Namen,Wallonia
Wingene,West-Vlaanderen,Falnders
Winksele,Vlaams-Brabant,Falnders
Wintershoven,Limburg,Falnders
Witry,Luxemburg,Wallonia
Wodecq,Henegouwen,Wallonia
Woesten,West-Vlaanderen,Falnders
Wolkrange,Luxemburg,Wallonia
Wolvertem,Vlaams-Brabant,Falnders
Wommelgem,Antwerpen,Falnders
Wommersom,Vlaams-Brabant,Falnders
Wonck,Luik,Wallonia
Wondelgem,Oost-Vlaanderen,Falnders
Wontergem,Oost-Vlaanderen,Falnders
Wortegem,Oost-Vlaanderen,Falnders
Wortel,Antwerpen,Falnders
Woubrechtegem,Oost-Vlaanderen,Falnders
Woumen,West-Vlaanderen,Falnders
Wulpen,West-Vlaanderen,Falnders
Wulvergem,West-Vlaanderen,Falnders
Wulveringem,West-Vlaanderen,Falnders
Wuustwezel,Antwerpen,Falnders
Wépion,Namen,Wallonia
Wéris,Luxemburg,Wallonia
Xhendelesse,Luik,Wallonia
Xhendremael,Luik,Wallonia
Xhoris,Luik,Wallonia
Yernée-Fraineux,Luik,Wallonia
Yves-Gomezée,Namen,Wallonia
Yvoir,Namen,Wallonia
Zaffelare,Oost-Vlaanderen,Falnders
Zandbergen,Oost-Vlaanderen,Falnders
Zande,West-Vlaanderen,Falnders
Zandhoven,Antwerpen,Falnders
Zandvliet,Antwerpen,Falnders
Zandvoorde,West-Vlaanderen,Falnders
Zandvoorde,West-Vlaanderen,Falnders
Zarlardinge,Oost-Vlaanderen,Falnders
Zarren,West-Vlaanderen,Falnders
Zaventem,Vlaams-Brabant,Falnders
Zedelgem,West-Vlaanderen,Falnders
Zeebrugge,West-Vlaanderen,Falnders
Zegelsem,Oost-Vlaanderen,Falnders
Zele,Oost-Vlaanderen,Falnders
Zelem,Limburg,Falnders
Zellik,Vlaams-Brabant,Falnders
Zelzate,Oost-Vlaanderen,Falnders
Zemst,Vlaams-Brabant,Falnders
Zepperen,Limburg,Falnders
Zerkegem,West-Vlaanderen,Falnders
Zevekote,West-Vlaanderen,Falnders
Zeveneken,Oost-Vlaanderen,Falnders
Zeveren,Oost-Vlaanderen,Falnders
Zevergem,Oost-Vlaanderen,Falnders
Zichem,Vlaams-Brabant,Falnders
Zichen-Zussen-Bolder,Limburg,Falnders
Zillebeke,West-Vlaanderen,Falnders
Zingem,Oost-Vlaanderen,Falnders
Zoerle-Parwijs,Antwerpen,Falnders
Zoersel,Antwerpen,Falnders
Zolder,Limburg,Falnders
Zomergem,Oost-Vlaanderen,Falnders
Zonhoven,Limburg,Falnders
Zonnebeke,West-Vlaanderen,Falnders
Zonnegem,Oost-Vlaanderen,Falnders
Zottegem,Oost-Vlaanderen,Falnders
Zoutenaaie,West-Vlaanderen,Falnders
Zoutleeuw,Vlaams-Brabant,Falnders
Zuidschote,West-Vlaanderen,Falnders
Zuienkerke,West-Vlaanderen,Falnders
Zulte,Oost-Vlaanderen,Falnders
Zulzeke,Oost-Vlaanderen,Falnders
Zutendaal,Limburg,Falnders
Zwevegem,West-Vlaanderen,Falnders
Zwevezele,West-Vlaanderen,Falnders
Zwijnaarde,Oost-Vlaanderen,Falnders
Zwijndrecht,Antwerpen,Falnders
Zétrud-Lumay,Waals-Brabant,Wallonia